id,ego_x,ego_y,ego_vx,ego_vy
0,-105.45412155151368,-102.57267333984376,0.0,0.0
0,-105.45374771118165,-102.56937744140626,0.01567237265408039,0.13709357380867004
0,-105.45353790283204,-102.5534930419922,-0.025459669530391693,0.2542796730995178
0,-105.45390029907227,-102.52544738769532,0.03364957123994827,0.38664931058883667
0,-105.44993682861329,-102.48408081054689,0.06119576096534729,0.5224726796150208
0,-105.44346328735352,-102.42908813476564,0.07927463948726654,0.6593676805496216
0,-105.43522735595704,-102.36042358398439,0.0950755774974823,0.7965105175971985
0,-105.42541595458985,-102.27802612304689,0.11033238470554352,0.9337157607078552
0,-105.41408248901368,-102.18189575195314,0.12519311904907227,1.070967674255371
0,-105.40127273559571,-102.07203247070314,0.13966387510299683,1.2082654237747192
0,-105.3870133972168,-101.94843627929689,0.15385636687278748,1.3455994129180908
0,-105.37134643554688,-101.81110717773439,0.16748298704624176,1.482997179031372
0,-105.35432525634766,-101.66004516601564,0.180609330534935,1.6204510927200317
0,-105.3359880065918,-101.49525024414064,0.19350454211235046,1.7579364776611328
0,-105.3163690185547,-101.31672241210939,0.2058510184288025,1.8954815864562988
0,-105.29552932739259,-101.12443115234376,0.2177717387676239,2.0330729484558105
0,-105.27349563598634,-100.9183612060547,0.22941355407238007,2.1706957817077637
0,-105.2502946472168,-100.69855834960939,0.24083632230758667,2.3083434104919434
0,-105.22594924926759,-100.46496154785157,0.2521052658557892,2.4460082054138184
0,-105.20047470092774,-100.21761657714845,0.2633708119392395,2.5836751461029053
0,-105.17386337280274,-99.95650817871095,0.27473723888397217,2.721332311630249
0,-105.14611145019532,-99.68162109375001,0.286322683095932,2.858968734741211
0,-105.11719223022462,-99.39300109863282,0.29831036925315857,2.9965643882751465
0,-105.08705230712891,-99.09057189941407,0.3108079731464386,3.134106397628784
0,-105.05564590454102,-98.77440979003907,0.3239612281322479,3.2715816497802734
0,-105.02291580200196,-98.44451477050782,0.3379051983356476,3.4089744091033936
0,-104.98876281738282,-98.10088684082032,0.3528243601322174,3.5462658405303955
0,-104.95310302734376,-97.74352600097657,0.36875325441360474,3.6834514141082764
0,-104.91582580566407,-97.37243225097657,0.3858664631843567,3.8205087184906006
0,-104.87681671142579,-96.98765136718751,0.40421196818351746,3.957430839538574
0,-104.83595367431641,-96.58916809082032,0.4238296151161194,4.094210624694824
0,-104.79310317993165,-96.1770281982422,0.4447753131389618,4.230838775634766
0,-104.74813552856446,-95.75121643066407,0.4669876992702484,4.367319107055664
0,-104.70093246459962,-95.31176330566407,0.4904758036136627,4.503642559051514
0,-104.65135665893555,-94.85868408203126,0.5152141451835632,4.639810085296631
0,-104.5992936706543,-94.3919940185547,0.5410301685333252,4.775837421417236
0,-104.54463287353516,-93.91169311523439,0.567858099937439,4.911725044250488
0,-104.48728271484376,-93.41781188964845,0.5955609679222107,5.047487735748291
0,-104.42715545654298,-92.91035034179689,0.6240136027336121,5.183136463165283
0,-104.36417480468751,-92.38932373046876,0.6530413031578064,5.318690299987793
0,-104.29829498291016,-91.85474731445314,0.6824409365653992,5.454174518585205
0,-104.22947402954102,-91.30663635253907,0.7121239304542542,5.589598178863525
0,-104.15768905639649,-90.74497558593751,0.7418918609619141,5.7249860763549805
0,-104.08293243408204,-90.16978027343751,0.7716319561004639,5.860353946685791
0,-104.00529190063477,-89.58166076660157,0.7976770997047424,5.969370365142822
0,-103.92515274047852,-88.98334838867189,0.8186618685722351,6.0445098876953125
0,-103.84300704956055,-88.37800170898439,0.83515864610672,6.093782901763916
0,-103.75929351806641,-87.76819946289064,0.8474905490875244,6.120270729064941
0,-103.67441268920899,-87.15609313964845,0.8563256859779358,6.128395080566406
0,-103.5887956237793,-86.54415466308595,0.8580686450004578,6.091434955596924
0,-103.50299545288087,-85.93574096679689,0.859013020992279,6.054579257965088
0,-103.41710754394532,-85.33100463867189,0.8592378497123718,6.017819404602051
0,-103.33136459350587,-84.72993041992189,0.854069173336029,5.981831073760986
0,-103.24606796264649,-84.13245727539064,0.8498559594154358,5.945703983306885
0,-103.16138931274415,-83.53856994628907,0.8392795920372009,5.9104743003845215
0,-103.07764526367188,-82.94823791503907,0.8312053084373474,5.8748860359191895
0,-102.9946794128418,-82.36048461914064,0.8254308700561523,5.879209518432617
0,-102.91233917236329,-81.77343322753907,0.8164160251617432,5.843750953674316
0,-102.83080764770509,-81.18847229003907,0.8116005063056946,5.862121105194092
0,-102.74975296020509,-80.60218383789064,0.8066697120666504,5.868301868438721
0,-102.6692399597168,-80.01505615234376,0.8005412817001343,5.881694793701172
0,-102.58929153442384,-79.42661621093751,0.7953484058380127,5.89477014541626
0,-102.50990386962891,-78.83684875488282,0.7889407873153687,5.90888786315918
0,-102.43114562988282,-78.24569274902345,0.7826607823371887,5.922488212585449
0,-102.35302825927735,-77.65319396972657,0.7757689952850342,5.935157775878906
0,-102.27561279296876,-77.0594744873047,0.7682629823684692,5.946234226226807
0,-102.19894119262696,-76.46467163085939,0.7605879902839661,5.95517110824585
0,-102.12306304931641,-75.86902954101564,0.7519274353981018,5.962414264678955
0,-102.0480355834961,-75.27270080566407,0.7435230016708374,5.967137813568115
0,-101.97389312744141,-74.6759295654297,0.7338759899139404,5.970314979553223
0,-101.90067764282227,-74.07886840820314,0.7250189185142517,5.97178840637207
0,-101.82850357055665,-73.48253967285157,0.7103930711746216,5.936914920806885
0,-101.75757690429688,-72.88836242675782,0.7031121850013733,5.95168924331665
0,-101.68760391235352,-72.29407836914064,0.6884581446647644,5.916783332824707
0,-101.61885543823243,-71.70185424804689,0.6816357970237732,5.934329509735107
0,-101.55103775024415,-71.10932495117189,0.6666302680969238,5.899428367614746
0,-101.4844598388672,-70.51873352050782,0.6602945923805237,5.921012878417969
0,-101.41868301391602,-69.92661621093751,0.6493827700614929,5.925215244293213
0,-101.35387130737305,-69.3338885498047,0.6417670249938965,5.93452787399292
0,-101.28995605468751,-68.7402606201172,0.630394458770752,5.942380905151367
0,-101.22704025268555,-68.14585449218751,0.6226797699928284,5.950209617614746
0,-101.16503997802735,-67.5506854248047,0.6110153794288635,5.957974910736084
1,-105.78843780517579,-105.04900695800782,0.0,0.0
1,-105.78810592651368,-105.04571105957032,0.014038908295333385,0.1372704803943634
1,-105.78808303833009,-105.02982666015626,-0.028486037626862526,0.2539582848548889
1,-105.78878494262696,-105.00179626464845,0.028877167031168938,0.3870808780193329
1,-105.78533264160157,-104.96036865234376,0.05468624457716942,0.5232448577880859
1,-105.77954956054688,-104.90528442382814,0.07105568051338196,0.660353422164917
1,-105.7721681213379,-104.83646728515626,0.08520425111055374,0.7976758480072021
1,-105.76337524414063,-104.75391723632814,0.09877696633338928,0.9350565671920776
1,-105.75322814941407,-104.65763427734376,0.1119358018040657,1.0724811553955078
1,-105.74177642822266,-104.54761840820314,0.12464328855276108,1.209952712059021
1,-105.72906204223634,-104.42386962890626,0.1369694024324417,1.347464919090271
1,-105.71510787963868,-104.28638793945314,0.14906495809555054,1.4850057363510132
1,-105.69995971679688,-104.13514282226564,0.16053406894207,1.6226071119308472
1,-105.68367095947266,-103.9701190185547,0.1716357171535492,1.7602488994598389
1,-105.66626449584962,-103.79136230468751,0.18267592787742615,1.8979040384292603
1,-105.6477670288086,-103.59879638671876,0.19310058653354645,2.035616159439087
1,-105.62820526123048,-103.39249755859376,0.20388716459274292,2.173305034637451
1,-105.60757919311524,-103.17240478515626,0.21414975821971893,2.311039686203003
1,-105.58589645385743,-102.93856384277345,0.22512680292129517,2.448718547821045
1,-105.56312271118165,-102.69092895507814,0.23591367900371552,2.5864133834838867
1,-105.53924270629884,-102.42954589843751,0.24753352999687195,2.7240347862243652
1,-105.51418395996095,-102.15441467285157,0.25978630781173706,2.861598491668701
1,-105.48788162231446,-101.86548950195314,0.272688090801239,2.9991002082824707
1,-105.46024795532227,-101.56283142089845,0.2870948314666748,3.136460065841675
1,-105.43117233276368,-101.24644042968751,0.3021240830421448,3.2737534046173096
1,-105.40058990478516,-100.91631652832032,0.31768590211868286,3.4109880924224854
1,-105.36843582153321,-100.57245971679689,0.3341606557369232,3.548128366470337
1,-105.33460327148438,-100.21491577148439,0.3519632816314697,3.685131788253784
1,-105.29896636962891,-99.84366943359376,0.3711318373680115,3.8219900131225586
1,-105.26138397216798,-99.45873596191407,0.39167922735214233,3.9586973190307617
1,-105.2217301940918,-99.06014587402345,0.41354697942733765,4.0952534675598145
1,-105.17986770629884,-98.64789916992189,0.43677109479904175,4.231650352478027
1,-105.13566299438477,-98.22199584960939,0.4613102674484253,4.367888927459717
1,-105.08898635864259,-97.7824969482422,0.4871036410331726,4.50396728515625
1,-105.03971954345704,-97.32938720703126,0.5140095949172974,4.639896869659424
1,-104.98774810791016,-96.86268188476564,0.5419565439224243,4.7756805419921875
1,-104.93297286987305,-96.38239624023439,0.5707697868347168,4.911335468292236
1,-104.87530990600587,-95.88856079101564,0.6002942323684692,5.046876430511475
1,-104.81469055175782,-95.38114501953126,0.6303525567054749,5.182321071624756
1,-104.7510614013672,-94.86019470214845,0.6608107686042786,5.317687034606934
1,-104.6843881225586,-94.3257098388672,0.6914526224136353,5.452996730804443
1,-104.61465927124024,-93.77770568847657,0.7221375107765198,5.5882744789123535
1,-104.54186721801759,-93.21616699218751,0.7527452111244202,5.723535537719727
1,-104.46601959228516,-92.64110900878907,0.7831175327301025,5.858798503875732
1,-104.3871469116211,-92.0525164794922,0.8131024241447449,5.994091987609863
1,-104.30528732299805,-91.45038940429689,0.8426807522773743,6.129421710968018
1,-104.22047897338868,-90.83471252441407,0.8717812299728394,6.264798164367676
1,-104.13276763916016,-90.20551635742189,0.9003196358680725,6.400238990783691
1,-104.04221817016602,-89.5627703857422,0.9282046556472778,6.535757541656494
1,-103.94888778686524,-88.90647460937501,0.9555565714836121,6.6713433265686035
1,-103.85282608032227,-88.23662902832032,0.982343316078186,6.806996822357178
1,-103.75409790039063,-87.55320312500001,1.0085126161575317,6.942734718322754
1,-103.65275665283204,-86.85621215820314,1.034205436706543,7.078535556793213
1,-103.54885955810548,-86.14564086914064,1.0593931674957275,7.214404582977295
1,-103.4424447631836,-85.42148925781251,1.0841807126998901,7.350327968597412
1,-103.33371444702149,-84.68371154785157,1.1037441492080688,7.487022876739502
1,-103.2230958557129,-83.93224670410157,1.119669795036316,7.624244213104248
1,-103.11126419067384,-83.1670184326172,1.1225372552871704,7.763309001922607
1,-102.99889083862305,-82.38791992187501,1.1295922994613647,7.901776313781738
1,-102.88591857910157,-81.59495117187501,1.13284432888031,8.040749549865723
1,-102.77269073486329,-80.78808166503907,1.1326520442962646,8.180155754089355
1,-102.65931411743165,-79.96729614257814,1.1363238096237183,8.319025039672852
1,-102.54578491210938,-79.1325946044922,1.133493185043335,8.458708763122559
1,-102.43259521484376,-78.28391601562501,1.1273367404937744,8.598764419555664
1,-102.31981369018555,-77.42126037597657,1.1266075372695923,8.738103866577148
1,-102.20715805053712,-76.54465820312501,1.1250404119491577,8.877500534057617
1,-102.09511276245118,-75.65502502441407,1.1081981658935547,8.979334831237793
1,-101.98458572387696,-74.75577880859376,1.092638373374939,9.05196762084961
1,-101.87550827026368,-73.84978820800782,1.0795639753341675,9.097712516784668
1,-101.7680062866211,-72.9396014404297,1.0587784051895142,9.122559547424316
1,-101.6628045654297,-72.02726318359376,1.0294511318206787,9.130484580993652
1,-101.5603761291504,-71.11504699707032,1.0021765232086182,9.096915245056152
1,-101.46051498413087,-70.20605041503907,0.9804898500442505,9.062705993652344
1,-101.36300750732423,-69.3004412841797,0.9545160531997681,9.028888702392578
1,-101.26833435058595,-68.3982196044922,0.9207589030265808,8.99576187133789
1,-101.17673965454102,-67.49932434082032,0.8945283889770508,8.961845397949219
