trace_id,step,x,y,heading,speed,action,reward
0,0,5.799999237060547,-3.4969112050475815e-08,0.0,10.000000000000009,7,0.8449992370605469
0,1,6.7999982833862305,-7.868049323178639e-08,0.0,10.000000000000009,7,1.0449990463256837
0,2,7.804664611816406,-1.1805641264572841e-07,0.0,10.194473266601648,7,1.0505414581298833
0,3,8.828001976013184,-2.5632240863160405e-07,-3.9947416397012603e-07,10.388946533203738,7,1.0700876235961942
0,4,9.8707857131958,-6.762152793271525e-07,-7.989483270520736e-07,10.58341979980712,7,1.0904091262817492
0,5,10.933016777038574,-1.4344333294502576e-06,-9.321063814127228e-07,10.777893066410707,7,1.1107315826416215
0,6,12.014695167541504,-2.4375153770961333e-06,-9.321063814127228e-07,10.972366333013076,7,1.1310540390014885
0,7,13.115821838378906,-3.4676957056944957e-06,-6.657902726914244e-07,11.166839599613503,7,1.1513774490356632
0,8,14.236395835876465,-4.4087910282542e-06,-5.326322183307752e-07,11.36131286621491,7,1.1716999053955257
0,9,15.376416206359863,-5.3607982408721e-06,-6.657902726914244e-07,11.555786132816502,7,1.1920214080810727
0,10,16.535884857177734,-6.324755304376595e-06,-7.989483270520736e-07,11.75025939941772,7,1.2123448181152507
0,11,17.714799880981445,-7.236461897264235e-06,-1.331580543606492e-07,11.944732666017947,7,1.2326663208007917
0,12,18.913162231445312,-7.89663135947194e-06,0.0,12.139205932617832,7,1.2529887771606474
0,13,20.130971908569336,-8.298880857182667e-06,-3.9947416397012603e-07,12.333679199219352,7,1.2733112335205106
0,14,21.36823081970215,-8.737033567740582e-06,-5.326322183307752e-07,12.52815246582151,7,1.2936355972290092
0,15,22.624935150146484,-9.297645192418713e-06,-7.989483270520736e-07,12.722625732423541,7,1.3139561462402418
0,16,23.901086807250977,-1.006217826216016e-05,-7.989483270520736e-07,12.917098999027388,7,1.3342786026001154
0,17,25.196685791015625,-1.109363256546203e-05,-7.989483270520736e-07,13.111572265629633,7,1.3546010589599817
0,18,26.51173210144043,-1.2202682228235062e-05,-7.989483270520736e-07,13.306045532231368,7,1.3749235153198458
0,19,27.846227645874023,-1.3338499229575973e-05,-7.989483270520736e-07,13.500518798832985,7,1.3952478790283422
0,20,29.20016860961914,-1.4485002793662716e-05,-7.989483270520736e-07,13.694992065434459,7,1.4155684280395722
0,21,30.564685821533203,0.005528510548174381,0.004327769929433067,13.51252806728187,8,1.425323588216831
0,22,31.911338806152344,0.03744872286915779,0.024761272867229955,13.299052728034537,8,1.406498721895296
0,23,33.2348747253418,0.10854534059762955,0.05656833787242732,13.081025138712906,8,1.3824005323136612
0,24,34.533363342285156,0.22667831182479858,0.09361650390290155,12.876461973444922,8,1.3564326958238615
0,25,35.816951751708984,0.3809317946434021,0.12228822935674888,13.066381900628915,7,1.3423871279766582
0,26,37.11697769165039,0.5464717745780945,0.1287206954956721,13.260885745408247,7,1.3596999257957434
0,27,38.435611724853516,0.719794511795044,0.13002830759090056,13.455353663572481,7,1.3791831246892012
0,28,39.7735710144043,0.8953102827072144,0.13028197368473116,13.649812207557963,7,1.3993834444847921
0,29,41.130882263183594,1.0728061199188232,0.1303235189977361,13.844274618982817,7,1.4196104845647195
0,30,42.50747299194336,1.252866268157959,0.1303289784779711,14.038736043078377,7,1.4397650409536182
0,31,43.9033203125,1.43565034866333,0.1303299105843525,14.233196851851737,7,1.4598967063899735
0,32,45.31842041015625,1.6211144924163818,0.13033084269073392,14.427661674559562,7,1.480024575191768
0,33,46.752803802490234,1.8091610670089722,0.13033097584878828,14.622125975891825,7,1.5001829592254976
0,34,48.20646667480469,1.9997292757034302,0.13033097584878828,14.81659094294442,7,1.520337531557703
0,35,49.679412841796875,2.1928014755249023,0.1303312421648979,15.011054789633107,7,1.5404959135455365
0,36,51.17164611816406,2.388389825820923,0.13033110900684264,15.205516054275629,7,1.5606580986114278
0,37,52.68315887451172,2.5865049362182617,0.13033110900684264,15.399982725765588,7,1.5808126786136014
0,38,54.21395492553711,2.7871499061584473,0.13033110900684264,15.594448917029917,7,1.6009710711520253
0,39,55.76403045654297,2.9903244972229004,0.13033110900684264,15.788913311161457,7,1.621125640906086
0,40,57.3333854675293,3.1960272789001465,0.13033110900684264,15.983376372917267,7,1.641280204664456
0,41,58.92202377319336,3.404257297515869,0.13033110900684264,16.177843759792033,7,1.6614386025831267
0,42,60.529945373535156,3.6150145530700684,0.13033110900684264,16.37232585721238,7,1.6815970666992526
0,43,62.15715026855469,3.828299045562744,0.13033110900684264,16.56680820251645,7,1.7017555319308553
0,44,63.80363464355469,4.0441107749938965,0.13033110900684264,16.761290609791416,7,1.7219101827440615
0,45,65.46939849853516,4.262449741363525,0.13033110900684264,16.955773017066388,7,1.7420648335572675
0,46,67.14637756347656,4.476638317108154,0.12603383227189102,16.772478727515182,6,1.7524552192152245
0,47,68.80913543701172,4.661364555358887,0.10632098072506935,16.55716148524069,6,1.7372651002187394
0,48,70.45436096191406,4.801545143127441,0.07713619728721888,16.335335670504584,6,1.7187345354196144
0,49,72.08121490478516,4.888556480407715,0.04496401289657115,16.12522172020968,6,1.6994174406120373
0,50,73.6893310546875,4.921170234680176,0.01253696398960269,15.924601902077544,6,1.6797768584616928
0,51,75.2775650024414,4.900738716125488,-0.02016372471937178,15.722767662572982,6,1.6589864022354848
0,52,76.85400390625,4.840070724487305,-0.04442964962384632,15.91481906680871,7,1.648055589609233
0,53,78.44758605957031,4.764562129974365,-0.04984412243608638,16.109264867021142,7,1.6660738452219077
0,54,80.06025695800781,4.681380748748779,-0.05096997378691803,16.3037236632472,7,1.6860376549221123
0,55,81.69235229492188,4.597271919250488,-0.05119394563459334,16.498179910147222,7,1.706337146509725
0,56,83.34390258789062,4.512875556945801,-0.051229099360981856,16.692646493905183,7,1.7266672021913234
0,57,85.01487731933594,4.4275360107421875,-0.05123362673483545,16.88710608406228,7,1.7469667088235927
0,58,86.70526885986328,4.34104585647583,-0.05123469199927122,17.081566426474502,7,1.767258589446479
0,59,88.41506958007812,4.253411769866943,-0.05123589042176224,17.27602657640954,7,1.7875428398086868
0,60,90.144287109375,4.164710998535156,-0.051236822528143655,17.47049217535784,7,1.8078347440859852
0,61,91.89292907714844,4.075007438659668,-0.051236822528143655,17.664943791396,7,1.8281342148347195
0,62,93.6609878540039,3.9843273162841797,-0.051236955686198016,17.85939725327355,7,1.8484260644951997
0,63,95.44847106933594,3.8926639556884766,-0.051236822528143655,18.053856869896762,7,1.8687255712465667
0,64,97.25537109375,3.8000071048736572,-0.051236822528143655,18.248319020115556,7,1.8890174600045826
0,65,99.08169555664062,3.706352472305298,-0.051236822528143655,18.442781493919025,7,1.9093169796132607
0,66,100.92743682861328,3.6117002964019775,-0.051236822528143655,18.637243543427754,7,1.9296088679180812
0,67,102.79259490966797,3.5160510540008545,-0.051236822528143655,18.831705086204092,7,1.9499007539426059
0,68,104.67717742919922,3.419405698776245,-0.051236822528143655,19.02616638782252,7,1.9702002682764514
0,69,106.5811767578125,3.3217649459838867,-0.051236822528143655,19.220627719967506,7,1.990492153353135
0,70,108.50460052490234,3.2231285572052,-0.051236822528143655,19.415089125375513,7,2.0107916681540337
0,71,110.44744873046875,3.1234958171844482,-0.051236822528143655,19.60955054909924,7,1.9423207579836328
0,72,112.401123046875,3.028911590576172,-0.046964046875220156,19.42577698131661,8,1.9201512084554702
0,73,114.33831024169922,2.9633655548095703,-0.027812456528133467,19.209473192560733,8,1.8629928986003983
0,74,116.25460052490234,2.9428677558898926,-0.0006026733546846685,18.98547666888018,8,2.0712660700249947
0,75,118.14844512939453,2.97609806060791,0.028116456366566567,18.772395772449705,8,1.9967672941186594
0,76,120.01951599121094,3.0634725093841553,0.05620095480005105,18.569403922004483,8,1.923167288191301
0,77,121.86707305908203,3.2027742862701416,0.08425496003905497,18.365347006935018,8,1.8501611517424272
0,78,123.6895523071289,3.3928277492523193,0.11287888175133531,18.159487383521157,8,1.778136596747465
0,79,125.48530578613281,3.633114814758301,0.14212598315869496,17.952979666919155,8,1.708103243306291
0,80,127.25277709960938,3.923149824142456,0.17180225297571994,17.746663319665462,8,1.6408048927031058
0,81,128.990478515625,4.262240409851074,0.2017767968348343,17.540294628462444,8,1.1662089194591811
0,82,130.6969451904297,4.649487495422363,0.2320474842071656,17.334214160675554,8,1.1217550401029366
0,83,132.37074279785156,5.083865642547607,0.26265013460937503,17.12846100456432,8,1.0797471343457448
0,84,134.01046752929688,5.564309597015381,0.29361657281648945,16.922862169573428,8,1.0402052678638378
0,85,135.61473083496094,6.089734077453613,0.32496331042726734,16.717429428613478,8,1.0031021695128841
0,86,137.18211364746094,6.659008979797363,0.35669301060279857,16.51222935552853,8,0.9683473295352656
0,87,138.7112579345703,7.270944118499756,0.38880633913335494,16.307242216715295,8,0.935858008625137
0,88,140.20082092285156,7.9242844581604,0.4213108860280448,16.10248294159022,8,0.9055119661066132
0,89,141.64950561523438,8.617716789245605,0.45421583919262787,15.89796901323015,8,0.8771911644802891
0,90,143.05599975585938,9.349863052368164,0.48753318285200997,15.69370242691428,8,0.8507493565973386
0,91,144.4190216064453,10.119290351867676,0.5212728372812503,15.489694202141328,8,0.8260617125836949
0,92,145.73739624023438,10.924505233764648,0.5554446561763848,15.285957164467971,8,0.8030222751954745
0,93,147.00991821289062,11.763956069946289,0.590059159023717,15.082505531805536,8,0.7814895495750842
0,94,148.23541259765625,12.636027336120605,0.6251263992563629,14.879346813004137,8,0.761344159168031
0,95,149.4127960205078,13.539044380187988,0.6606575621508997,14.676497308993664,8,0.7424876323300236
0,96,150.541015625,14.471271514892578,0.6966646319322347,14.473966898127664,8,0.7248104374981488
0,97,151.61903381347656,15.430913925170898,0.7331599922994352,14.27177325799025,8,0.7082083823940855
0,98,152.64590454101562,16.416114807128906,0.7701552280032438,14.069930167051599,8,0.6925962639764773
0,99,153.62074279785156,17.42496109008789,0.8076637880071651,13.868449404771088,8,0.6778894094936264
0,100,154.54270935058594,18.455476760864258,0.8456977231151317,13.6673533728721,8,0.6640027428055243
0,101,155.4110107421875,19.505630493164062,0.8842726128195206,13.466653811425262,8,0.6508601851765984
0,102,156.22496032714844,20.573333740234375,0.9234018395048089,13.266369847846875,8,0.6383964439519275
0,103,156.98391723632812,21.656442642211914,0.9630997176618576,13.066527405348825,8,-5.0
1,0,5.799999237060547,4.108798027038574,0.0,10.000000000000009,7,0.8449992370605469
1,1,6.803186893463135,4.108798027038574,1.331580543606492e-07,10.212554931640652,7,1.0491441535949708
1,2,7.829756259918213,4.108798027038574,0.0,10.4782485961915,7,1.07372148513794
1,3,8.882895469665527,4.108798027038574,0.0,10.743942260742218,7,1.1014869499206545
1,4,9.962603569030762,4.108798027038574,3.9947416397012603e-07,11.009635925293171,7,1.1292514610290536
1,5,11.068881034851074,4.108798027038574,1.331580543606492e-07,11.275329589843897,7,1.15701644897461
1,6,12.201727867126465,4.108798027038574,-1.331580543606492e-07,11.541023254394657,7,1.1847814369201666
1,7,13.361144065856934,4.108798027038574,-5.326322183307752e-07,11.806716918946382,7,1.2125464248657274
1,8,14.54712963104248,4.108798027038574,-9.321063814127228e-07,12.072410583499082,7,1.2403114128112926
1,9,15.759685516357422,4.108798027038574,-5.326322183307752e-07,12.338104248050286,7,1.2680773544311676
1,10,16.998809814453125,4.108798027038574,0.0,12.603797912598639,7,1.295841388702397
1,11,18.264503479003906,4.108798027038574,1.331580543606492e-07,12.869491577148438,7,1.3236063766479491
1,12,19.556766510009766,4.108798027038574,0.0,13.135185241699364,7,1.3513713645935066
1,13,20.875598907470703,4.108798027038574,0.0,13.400878906250009,7,1.3791363525390625
1,14,22.22100067138672,4.108798027038574,-2.663161087212984e-07,13.66657257080079,7,1.4069013404846191
1,15,23.592971801757812,4.108798027038574,0.0,13.932266235351566,7,1.4346663284301757
1,16,24.991512298583984,4.108798027038574,0.0,14.1979598999024,7,1.4624313163757328
1,17,26.416622161865234,4.108798027038574,0.0,14.463653564453223,7,1.4901963043212896
1,18,27.868301391601562,4.108798027038574,0.0,14.729347229004022,7,1.5179612922668462
1,19,29.34654998779297,4.108798027038574,0.0,14.995040893554807,7,1.5457262802124028
1,20,30.851367950439453,4.108798027038574,0.0,15.260734558105577,7,1.5734912681579596
1,21,32.382755279541016,4.108798027038574,0.0,15.526428222656358,7,1.6012562561035162
1,22,33.940711975097656,4.108798027038574,0.0,15.79212188720715,7,1.6290212440490728
1,23,35.525238037109375,4.108798027038574,0.0,16.057815551757923,7,1.6567862319946294
1,24,37.13633346557617,4.108798027038574,0.0,16.323509216308715,7,1.684551219940186
1,25,38.77399826049805,4.108798027038574,0.0,16.589202880859496,7,1.7123162078857428
1,26,40.438232421875,4.108798027038574,0.0,16.854896545410273,7,1.7400811958312994
1,27,42.12903594970703,4.108798027038574,0.0,17.120590209961055,7,1.767846183776856
1,28,43.84640884399414,4.108798027038574,0.0,17.386283874511847,7,1.7956111717224128
1,29,45.59035110473633,4.108798027038574,0.0,17.651977539062624,7,1.8233761596679694
1,30,47.360862731933594,4.108798027038574,0.0,17.917671203613406,7,1.851141147613526
1,31,49.15794372558594,4.108798027038574,0.0,18.183364868164194,7,1.8789061355590826
1,32,50.98159408569336,4.108798027038574,0.0,18.449058532714975,7,1.9066711235046392
1,33,52.83181381225586,4.108798027038574,0.0,18.714752197265756,7,1.934436111450196
1,34,54.70860290527344,4.108798027038574,0.0,18.98044586181654,7,1.9622010993957526
1,35,56.611961364746094,4.108798027038574,0.0,19.246139526367326,7,1.9899660873413092
1,36,58.54188919067383,4.108798027038574,0.0,19.511833190918107,7,2.017731075286866
1,37,60.49838638305664,4.108798027038574,0.0,19.77752685546889,7,2.0454960632324224
1,38,62.48145294189453,4.108798027038574,0.0,20.04322052001967,7,2.073261051177979
1,39,64.4910888671875,4.108798027038574,0.0,20.308914184570455,7,2.1010260391235356
1,40,66.52729797363281,4.108798027038574,0.0,20.574607849121243,7,2.128794841766358
1,41,68.59007263183594,4.108798027038574,0.0,20.840301513672024,7,2.156556015014649
1,42,70.67941284179688,4.108798027038574,0.0,21.10599517822281,7,2.18431718826294
1,43,72.79532623291016,4.108798027038574,0.0,21.37168884277359,7,2.2120859909057624
1,44,74.93780517578125,4.108798027038574,0.0,21.63738250732437,7,2.2398471641540536
1,45,77.10685729980469,4.108798027038574,0.0,21.90307617187515,7,2.2676159667968756
1,46,79.30247497558594,4.108798027038574,0.0,22.168769836425938,7,2.295377140045167
1,47,81.52466583251953,4.108798027038574,0.0,22.434463500976722,7,2.3231459426879892
1,48,83.76625061035156,4.108798027038574,0.0,22.401123046875192,7,2.3423898315429694
1,49,86.00569915771484,4.108798027038574,5.326322183307752e-07,22.367782592774166,7,2.3401035690307648
1,50,88.24180603027344,4.108798027038574,5.326322183307752e-07,22.334442138673854,7,2.336611862182626
1,51,90.47457885742188,4.108798027038574,5.326322183307752e-07,22.301101684573297,7,2.3331277847290175
1,52,92.70402526855469,4.108798503875732,3.9947416397012603e-07,22.267761230471393,7,2.329651336669934
1,53,94.93013763427734,4.108798503875732,6.657902726914244e-07,22.23442077637045,7,2.3261672592163234
1,54,97.15291595458984,4.108799934387207,6.657902726914244e-07,22.201080322270013,7,2.322683181762715
1,55,99.37953186035156,4.10880184173584,2.663161087212984e-07,22.466773986818797,7,2.3277163887024033
1,56,101.62434387207031,4.10880184173584,2.663161087212984e-07,22.433433532716606,7,2.3457624626159745
1,57,103.86701202392578,4.10880184173584,0.0,22.400093078614745,7,2.343468570709235
1,58,106.10636138916016,4.10880184173584,0.0,22.36675262451197,7,2.3399997520446787
1,59,108.34237670898438,4.10880184173584,0.0,22.333412170410156,7,2.3365156745910642
1,60,110.5693130493164,4.102707862854004,-0.003796069817799008,22.060060909849522,6,2.324166214941144
1,61,112.78266906738281,4.0777764320373535,-0.014222744959623057,22.32559636287269,7,2.287983293185407
1,62,115.01311492919922,4.044956684112549,-0.01705288625004986,22.29218574212427,7,2.2493888231112433
1,63,117.23592376708984,4.012711048126221,-0.01394297988711024,22.02382863757509,8,2.161349427778504
1,64,119.43622589111328,4.008203029632568,0.0025714151905260607,21.892523681223185,8,2.0520649729997427
1,65,121.62259674072266,4.046126842498779,0.025254357143057682,21.769420460018857,8,2.237589419020982
1,66,123.79552459716797,4.132935523986816,0.048410409663242504,21.65844846137483,8,2.1221507112014826
1,67,125.95488739013672,4.268627166748047,0.0707868217743064,21.54875873582543,8,2.009391635627459
1,68,128.0996551513672,4.452022552490234,0.09302008897677805,21.436770050776524,8,1.8999253372291103
1,69,130.22857666015625,4.68253231048584,0.11553937968032457,21.323546578173392,8,1.3381303456938118
1,70,132.34046936035156,4.959960460662842,0.13836639864782985,21.209831699705138,8,1.2660159933468726
1,71,134.43417358398438,5.284136772155762,0.1614116636666667,21.0961459171643,8,1.1987867036745494
1,72,136.5086212158203,5.65475606918335,0.18458023304397475,20.982760289757774,8,1.1365492912647632
1,73,138.56277465820312,6.0713653564453125,0.20784387727219844,20.869531797244328,8,1.079182644926179
1,74,140.59556579589844,6.533449649810791,0.23121977374036895,20.75633157881032,8,1.0264620098825266
1,75,142.60592651367188,7.040480613708496,0.25472310246670027,20.643165736649724,8,0.97813035838224
1,76,144.5928192138672,7.591919898986816,0.27835799135088024,20.530050853234663,8,0.9339039434488564
1,77,146.55520629882812,8.187203407287598,0.3021252393412386,20.416990539052204,8,0.8934655438122985
1,78,148.4920654296875,8.825739860534668,0.32602378117333686,20.304004204298682,8,-5.0
2,0,5.806864261627197,-1.3258169673235898e-08,1.331580543606492e-07,10.286006927490252,7,0.8531512928009034
2,1,6.841185092926025,6.529035090352409e-08,5.326322183307752e-07,10.572013854980618,7,1.081894893646241
2,2,7.904106616973877,3.544774358488212e-07,5.326322183307752e-07,10.858020782472254,7,1.1117826175689767
2,3,8.995628356933594,9.53800508796121e-07,5.326322183307752e-07,11.144027709962476,7,1.141669864654548
2,4,10.115751266479492,1.5657677749914e-06,6.657902726914244e-07,11.430034637453618,7,1.1715580654144397
2,5,11.264474868774414,2.420325017737923e-06,6.657902726914244e-07,11.716041564945694,7,1.2014457893371775
2,6,12.44179916381836,3.410440967854811e-06,7.989483270520736e-07,12.002048492435438,7,1.2313335132599048
2,7,13.647724151611328,4.33658260590164e-06,9.321063814127228e-07,12.288055419924435,7,1.2612212371826288
2,8,14.88224983215332,5.159505690244259e-06,7.989483270520736e-07,12.574062347415765,7,1.2911089611053632
2,9,16.145376205444336,6.141222911537625e-06,7.989483270520736e-07,12.860069274906746,7,1.320996685028096
2,10,17.437103271484375,7.239329079311574e-06,1.065264435773372e-06,13.14607620239875,7,1.3508844089508334
2,11,18.757431030273438,8.53354504215531e-06,9.321063814127228e-07,13.432083129889982,7,1.3807721328735674
2,12,20.106359481811523,9.89550790109206e-06,2.663161087212984e-07,13.718090057376417,7,1.4106598567962798
2,13,21.483888626098633,1.0841284165508114e-05,6.657902726914244e-07,14.004096984865763,7,1.4405475807190053
2,14,22.890018463134766,1.1640369848464616e-05,2.663161087212984e-07,14.29010391235559,7,1.4704353046417329
2,15,24.324748992919922,1.2437096302164719e-05,6.657902726914244e-07,14.576110839845903,7,1.5003230285644629
2,16,25.7880802154541,1.3213278180046473e-05,3.9947416397012603e-07,14.862117767336022,7,1.5302107524871917
2,17,27.280012130737305,1.4034329979040194e-05,6.657902726914244e-07,15.14812469482677,7,1.5600984764099235
2,18,28.80054473876953,1.4886660210322589e-05,2.663161087212984e-07,15.434131622316775,7,1.5899862003326521
2,19,30.34967803955078,1.5770267054904252e-05,6.657902726914244e-07,15.72013854980737,7,1.6198739242553832
2,20,31.927412033081055,1.6659725588397123e-05,2.663161087212984e-07,16.006145477297338,7,1.6497616481781114
2,21,33.53374481201172,1.7576738173374906e-05,6.657902726914244e-07,16.292133331301617,7,1.6796473789215214
2,22,35.168678283691406,1.849696673161816e-05,2.663161087212984e-07,16.578121185305193,7,1.7095350170135608
2,23,36.832210540771484,1.9439856259850785e-05,6.657902726914244e-07,16.864109039309522,7,1.739420747756971
2,24,38.52433776855469,2.0393217710079625e-05,2.663161087212984e-07,17.15009689331314,7,1.7693026638031122
2,25,40.24507141113281,2.1376805307227187e-05,6.657902726914244e-07,17.43608474731744,7,1.7991960239410534
2,26,41.9943962097168,2.2361216906574555e-05,2.663161087212984e-07,17.722072601321013,7,1.829074125289929
2,27,43.77232360839844,2.3373540898319334e-05,6.657902726914244e-07,18.00806045532534,7,1.8589636707306048
2,28,45.57884979248047,2.4388611564063467e-05,2.663161087212984e-07,18.29404830932891,7,1.8888494014740114
2,29,47.41397476196289,2.5433808332309127e-05,6.657902726914244e-07,18.58003616333326,7,1.9187351322174215
2,30,49.27770233154297,2.648303416208364e-05,2.663161087212984e-07,18.866024017336805,7,1.9486246776580938
2,31,51.170021057128906,2.7560152375372127e-05,6.657902726914244e-07,19.152011871341156,7,1.9785027790069727
2,32,53.0909423828125,2.863932604668662e-05,2.663161087212984e-07,19.437999725344714,7,2.008392324447645
2,33,55.040462493896484,2.9750804969808087e-05,6.657902726914244e-07,19.723987579349078,7,2.0382780551910553
2,34,57.018577575683594,3.0864383006701246e-05,2.663161087212984e-07,20.009975433352622,7,2.068159971237196
2,35,59.025299072265625,3.2009469578042626e-05,6.657902726914244e-07,20.29596328735699,7,2.0980533313751377
2,36,61.05028533935547,0.008322427980601788,0.004432565318327697,20.146136774762535,8,2.115643882576275
2,37,63.06076431274414,0.05481908470392227,0.024630644815761826,19.963111121308053,8,2.100312973434558
2,38,65.06290435791016,0.13954991102218628,0.04585737028423775,20.248723107211372,7,2.0932592991484666
2,39,67.09113311767578,0.2373359650373459,0.05126451940347998,20.534636073360666,7,2.120634622095748
2,40,69.14756774902344,0.34377986192703247,0.05243098396093515,20.820630246336762,7,2.150127467456172
2,41,71.23246002197266,0.45354127883911133,0.05267692688760395,21.106627196252557,7,2.1798720953323554
2,42,73.34589385986328,0.5651547908782959,0.052728192738587865,21.39263283392922,7,2.2097006856433064
2,43,75.4878921508789,0.6783264875411987,0.052738978541002624,21.67863871184027,7,2.2395521652189063
2,44,77.658447265625,0.7929500937461853,0.05274270696652916,21.964641673102804,7,2.2693960022750566
2,45,79.8575668334961,0.9090455770492554,0.05274403854707366,22.250642522068365,7,2.2992474592204015
2,46,82.07752990722656,1.0262370109558105,0.05274457117929199,22.214278223616464,7,2.3199273257367428
2,47,84.30286407470703,1.1437169313430786,0.05274443802123763,22.500284345274345,7,2.326585447034203
2,48,86.54774475097656,1.262231707572937,0.0527439053890193,22.463917972982543,7,2.3459683071479525
2,49,88.79029083251953,1.3806228637695312,0.052743639072910575,22.427551110484753,7,2.3434700615401503
2,50,91.02921295166016,1.498821496963501,0.052743772230964936,22.39118432340482,7,2.339682448595947
2,51,93.26448822021484,1.6168280839920044,0.052743639072910575,22.354817592887812,7,2.3358719477226826
2,52,95.49612426757812,1.734642505645752,0.052743372756800966,22.31845105719439,7,2.332069077120656
2,53,97.72413635253906,1.8522652387619019,0.0527439053890193,22.282084760316536,7,2.1432487462317202
2,54,99.94056701660156,1.9785852432250977,0.0576838028950073,21.93396604572857,8,2.509704278521318
2,55,102.12429809570312,2.145174741744995,0.07918123868829063,21.738055125956137,8,2.3985390363978794
2,56,104.28274536132812,2.3677866458892822,0.10860557346619437,21.549583960692864,8,2.266491554397381
2,57,106.41520690917969,2.6526753902435303,0.13920769123618548,21.37689925738411,8,2.119839881316013
2,58,108.5210952758789,2.999166488647461,0.1693623979430443,21.20564689959643,8,1.9680168523021595
2,59,110.5986557006836,3.406001329421997,0.19942389401174943,21.03156944618113,8,1.5331297679184714
2,60,112.64579772949219,3.8722586631774902,0.229808564678736,20.856106241334427,8,1.4143022370557703
2,61,114.66056823730469,4.397115707397461,0.26060962058215686,20.680000027979176,8,1.304799001588171
2,62,116.64103698730469,4.979738235473633,0.2917920411536761,20.503773245601657,8,1.205834685756988
2,63,118.58538055419922,5.619150638580322,0.3232777957733557,20.328200203852855,8,1.1175266062945617
2,64,120.49187469482422,6.314194202423096,0.35500869437137794,20.153134798207848,8,1.0393169817264762
2,65,122.35881042480469,7.063612937927246,0.3869871337927222,19.978277455005596,8,0.9703398708387576
2,66,124.1844711303711,7.866096496582031,0.41923575090665555,19.803597192671226,8,0.9096294515728636
2,67,125.96717834472656,8.720285415649414,0.4517674620444634,19.629137310003063,8,0.8562286387020962
2,68,127.70527648925781,9.624755859375,0.48458785984443686,19.454906861498944,8,-5.0
3,0,5.799999237060547,8.152828216552734,0.0,10.000000000000009,6,0.8449992370605469
3,1,6.797877311706543,8.14902114868164,-0.0024660871694131004,9.776791562539518,6,1.041873636677424
3,2,7.765137672424316,8.10400390625,-0.032909613696491036,9.351916706048808,6,1.009343985894993
3,3,8.68935489654541,7.999025344848633,-0.09100101339633504,9.151020888225744,6,0.9653968181181096
3,4,9.588172912597656,7.835419178009033,-0.14966272904361944,9.09976698914577,6,0.939766967503402
3,5,10.47295093536377,7.625422954559326,-0.20402876585260543,9.064481678247247,6,0.9255681903182259
3,6,11.342228889465332,7.373289108276367,-0.2567075569529722,8.997698052398535,6,0.909767595337356
3,7,12.201321601867676,7.089682579040527,-0.30123853985629623,9.217485537720869,7,0.9005713973220877
3,8,13.08257007598877,6.801565647125244,-0.31652388609086035,9.48726805814666,7,0.9239411803827537
3,9,13.988991737365723,6.503662586212158,-0.3201384614803704,9.756995748108586,7,0.9503281422434418
3,10,14.920517921447754,6.195756435394287,-0.32098774355199744,10.026732932249557,7,0.9766464822771542
3,11,15.877212524414062,5.878049850463867,-0.3211877469498621,10.296491236963739,7,1.0030288135326455
3,12,16.85934066772461,5.551337242126465,-0.32123595016559214,10.566248692569506,7,1.0296762624271096
3,13,17.867019653320312,5.215979099273682,-0.321248333864661,10.83599611955104,7,1.0564409681336828
3,14,18.900297164916992,4.872099876403809,-0.32125099702575177,11.105745231685923,7,1.0832533651392664
3,15,19.959171295166016,4.519722938537598,-0.3212515296579692,11.375493010583286,7,1.1100638487966483
3,16,21.04364585876465,4.158836364746094,-0.3212516628160236,11.645242162886728,7,1.136878153331623
3,17,22.153715133666992,3.78943133354187,-0.3212515296579692,11.914995907363577,7,1.1636867564854798
3,18,23.289377212524414,3.4115068912506104,-0.3212515296579692,12.184745360808666,7,1.1904934329810608
3,19,24.450634002685547,3.0250649452209473,-0.3212515296579692,12.45449308277611,7,1.2173020090336253
3,20,25.63748550415039,2.6301052570343018,-0.3212521954482419,12.72424155756196,7,1.2441105884738726
3,21,26.849933624267578,2.2266275882720947,-0.3212521954482419,12.993988300866272,7,1.2709210674710858
3,22,28.087976455688477,1.814632773399353,-0.3212521954482419,13.26373579698882,7,1.2977296425073481
3,23,29.345224380493164,1.4018235206604004,-0.317835093453561,13.174522011940402,8,1.3165332738584192
3,24,30.602149963378906,1.0145353078842163,-0.30130325467078567,13.06147005653214,8,1.315702198140137
3,25,31.857833862304688,0.664151668548584,-0.2744600556213861,12.941442183044101,8,1.3139203887494797
3,26,33.11289978027344,0.3578386902809143,-0.24154112086108004,12.835430784595767,8,1.312825356499431
3,27,34.3677978515625,0.0980818122625351,-0.2059020333633672,12.73649640741397,8,1.3122123051224253
3,28,35.62162399291992,-0.11377182602882385,-0.1690255080651486,12.637186600169708,8,1.3106934810581856
3,29,36.8726921081543,-0.27678340673446655,-0.13141448293828706,12.537083233409298,8,1.307484989784717
3,30,38.1191291809082,-0.39057624340057373,-0.09321370078802715,12.436601322611404,8,1.3024017787056577
3,31,39.35902786254883,-0.45509716868400574,-0.05448494695165884,12.336130238546795,8,1.2954112677140857
3,32,40.59046173095703,-0.47046512365341187,-0.015299460988341451,12.235998883719875,8,1.2864958633849426
3,33,41.811527252197266,-0.4369579553604126,0.02427910755187135,12.136354174191183,8,1.2756791150240947
3,34,43.020320892333984,-0.3549872934818268,0.06421240914928195,12.03705615016355,8,1.2629603928124546
3,35,44.21492004394531,-0.22505803406238556,0.10448632905011479,11.938050049047794,8,1.2483203768320432
3,36,45.39341354370117,-0.04776686429977417,0.14509793777716862,11.839338743926026,8,1.2317705241035264
3,37,46.56423568725586,0.16412869095802307,0.17752392141970041,12.090998653308413,7,1.2252316374945753
3,38,47.75843811035156,0.3851969838142395,0.1866572323781277,12.360716533140334,7,1.2498256474948346
3,39,48.978233337402344,0.6161776185035706,0.18882424655712526,12.630452762204316,7,1.2766322644807007
3,40,50.22417449951172,0.85402512550354,0.18933450822198417,12.900206817949924,7,1.3039920927901496
3,41,51.49645233154297,1.0977637767791748,0.18945594836769253,13.16996343850634,7,1.3315426675045285
3,42,52.79517364501953,1.3468459844589233,0.18948617524606437,13.43972279459963,7,1.3592000660522607
3,43,54.12038040161133,1.6010483503341675,0.18949389841322528,13.709480438733138,7,1.386899418566096
3,44,55.472084045410156,1.8603113889694214,0.18949522999377066,13.9792407810577,7,1.4146102273135877
3,45,56.850284576416016,2.124643087387085,0.18949536315182502,14.248999913779532,7,1.4423210306178673
3,46,58.25497817993164,2.394055128097534,0.18949536315182502,14.518763922598191,7,1.4700280411673168
3,47,59.68616485595703,2.668550729751587,0.18949562946793463,14.788526359625141,7,1.4977350446437037
3,48,61.14384460449219,2.9481289386749268,0.18949616210015208,15.058287224834212,7,1.5254420410469103
3,49,62.62801742553711,3.2327890396118164,0.18949616210015208,15.328047506222342,7,1.5531490348229224
3,50,64.13867950439453,3.5225305557250977,0.18949616210015208,15.597806934330412,7,1.5808522100619087
3,51,65.67584228515625,3.8173532485961914,0.18949616210015208,15.86756654207645,7,1.6085668302010627
3,52,67.23948669433594,4.117257118225098,0.18949616210015208,16.137326194731973,7,1.6362623770559814
3,53,68.82963562011719,4.422242641448975,0.18949616210015208,16.407084910784643,7,1.6639808078797809
3,54,70.43891143798828,4.725494384765625,0.18610289539722746,16.316856338660322,6,1.682701671395065
3,55,72.0445785522461,5.002758026123047,0.17009663145557852,16.201614237843202,6,1.6785743783281069
3,56,73.64447784423828,5.241448879241943,0.1451776994518168,16.078197614409333,6,1.6722511812570295
3,57,75.2384033203125,5.43372106552124,0.11603978764915013,15.967445797313122,6,1.6657789821621278
3,58,76.82653045654297,5.577404499053955,0.08576044500327651,15.863563392496111,6,1.6595131714967013
3,59,78.40790557861328,5.672118186950684,0.05527444105681223,15.75891221270547,6,1.652290227027487
3,60,79.98095703125,5.717783451080322,0.024632509028524652,15.653082771457633,6,1.6434903251082782
3,61,81.54407501220703,5.714572429656982,-0.0062658854127377595,15.546828612109662,6,1.6330787097115247
3,62,83.09571075439453,5.66275691986084,-0.03745842599640081,15.44040148771017,6,1.6211175488821958
3,63,84.63430786132812,5.5626373291015625,-0.06893379428782875,15.33403977786601,6,1.6076002859339908
3,64,86.16829681396484,5.426189422607422,-0.09300584106494636,15.599317695596845,7,1.6041858822669046
3,65,87.7264404296875,5.276486873626709,-0.09936467079972822,15.868988279528407,7,1.629554062980534
3,66,89.31080627441406,5.117704391479492,-0.10088014261803835,16.138731544510716,7,1.6569901366768607
3,67,90.92182922363281,4.954484939575195,-0.10124006883936243,16.408473206321137,7,1.6848610786471951
3,68,92.55963897705078,4.788038730621338,-0.101325023678136,16.678218402263433,7,1.7128617362281542
3,69,94.22427368164062,4.618717670440674,-0.10134606265074719,16.947963431407697,7,1.7409005400311783
3,70,95.91573333740234,4.446669578552246,-0.10135192160514528,17.21771542977474,7,1.768939375195705
3,71,97.63404083251953,4.271914958953857,-0.10135365265985374,17.487456693825834,7,1.7970010502394038
3,72,99.3791732788086,4.094435691833496,-0.10135418529207207,17.757207763839727,7,1.8250398812263413
3,73,101.15115356445312,3.9142236709594727,-0.10135418529207207,18.026959316363534,7,1.8531016025681672
3,74,102.94995880126953,3.7312796115875244,-0.10135418529207207,18.296708480708737,7,1.8811404249795955
3,75,104.7756118774414,3.5456056594848633,-0.10135365265985374,18.566456270020318,7,1.9653014428462745
3,76,106.61907958984375,3.352771520614624,-0.10473240513483795,18.475714868102965,6,1.9519825300776796
3,77,108.4515609741211,3.135579824447632,-0.12039472182170297,18.359368791169295,6,1.858755525450479
3,78,110.26725006103516,2.8817057609558105,-0.14407634918301415,18.23433522499603,6,1.7311939954345696
3,79,112.06370544433594,2.5834171772003174,-0.1708967782050932,18.121346012890864,6,1.5914076109037274
3,80,113.84059143066406,2.2389883995056152,-0.19807473660351516,18.015319894570073,6,1.8492451111702748
3,81,115.5971450805664,1.8488800525665283,-0.22506960267699405,17.90844966643115,6,1.6790512054675606
3,82,117.33204650878906,1.4137678146362305,-0.25208244508783206,17.800330804590107,6,1.5231413477846458
3,83,119.04399108886719,0.9343258738517761,-0.27929968511233305,17.691739118240278,6,1.383912735355713
3,84,120.7317123413086,0.4111701250076294,-0.30675900647992194,17.58293752398604,6,1.2616281886836056
3,85,122.39395904541016,-0.15509119629859924,-0.33444709338514844,17.474138678323143,6,1.155275740006033
3,86,124.02955627441406,-0.7637935280799866,-0.3623289252596784,17.365611921778363,6,1.063253310950031
3,87,125.63732147216797,-1.4141932725906372,-0.39038000102148285,17.257258005482278,6,0.9837436703368427
3,88,127.21611785888672,-2.105492115020752,-0.4185995217222356,17.14899674860539,6,0.9150229967313723
3,89,128.76478576660156,-2.8368523120880127,-0.4469930800002242,17.040831637171348,6,0.8555171538326276
3,90,130.28221130371094,-3.6074016094207764,-0.4755652032293032,16.93276022604654,6,0.8038637935652917
3,91,131.7672882080078,-4.416231155395508,-0.50432028562527,16.824796821401478,6,0.7588825648182072
3,92,133.21893310546875,-5.262396335601807,-0.5332591261364517,16.716951014480962,6,0.7195746565938845
3,93,134.63607788085938,-6.144917011260986,-0.562383322659505,16.533788521919913,6,-5.0
4,0,5.799999237060547,-3.4969112050475815e-08,0.0,10.000000000000009,7,0.8449992370605469
4,1,6.7999982833862305,-7.868049323178639e-08,0.0,10.000000000000009,7,1.0449990463256837
4,2,7.8043718338012695,-1.1819764722531545e-07,0.0,10.182247161865321,7,1.050193662643433
4,3,8.826241493225098,-2.0733405392547866e-07,0.0,10.364494323730558,7,1.0685098838806157
4,4,9.86633586883545,-3.746166044038546e-07,-1.331580543606492e-07,10.546741485596199,7,1.0875547122955345
4,5,10.924654960632324,-7.827667332094279e-07,-9.321063814127228e-07,10.728988647464037,7,1.1065995407104632
4,6,12.001198768615723,-1.6588401194894686e-06,-1.065264435773372e-06,10.91123580933145,7,1.12564436912539
4,7,13.095967292785645,-2.7766086532210466e-06,-1.065264435773372e-06,11.093482971198682,7,1.144689197540316
4,8,14.20896053314209,-4.035443453176413e-06,-1.1984224901340212e-06,11.275730133063991,7,1.1637340259552333
4,9,15.340178489685059,-5.375191904022358e-06,-1.464738599743498e-06,11.457977294933993,7,1.1827788543701718
4,10,16.489620208740234,-7.078075213939883e-06,-2.130528871546744e-06,11.640224456803594,7,1.201822729110792
4,11,17.65728759765625,-9.106050129048526e-06,-1.1984224901340212e-06,11.822471618668414,7,1.2208685112000235
4,12,18.84317970275879,-1.1008692126779351e-05,-1.464738599743498e-06,12.004718780534105,7,1.2399133396149424
4,13,20.04729652404785,-1.3022846360399853e-05,-1.464738599743498e-06,12.186965942398713,7,1.2589581680298567
4,14,21.269638061523438,-1.4957434359530453e-05,-1.1984224901340212e-06,12.369213104260757,7,1.2780029964447595
4,15,22.510204315185547,-1.666985008341726e-05,-7.989483270520736e-07,12.551460266121685,7,1.2970478248596569
4,16,23.76899528503418,-1.80752595042577e-05,-1.1984224901340212e-06,12.733707427985584,7,1.316092653274568
4,17,25.046010971069336,-1.9462944692349993e-05,-1.8642127628254457e-06,12.91595458985487,7,1.3351374816895032
4,18,26.341251373291016,-2.136389412044082e-05,-2.2636869267955717e-06,13.098201751736514,7,1.354182310104494
4,19,27.65471649169922,-2.4150227545760572e-05,-2.2636869267955717e-06,13.280448913611139,7,1.3732271385194532
4,20,28.986406326293945,-2.7319478249410167e-05,-2.2636869267955717e-06,13.462696075479474,7,1.3922719669343842
4,21,30.336320877075195,-3.060505696339533e-05,-2.2636869267955717e-06,13.644943237344693,7,1.411316795349301
4,22,31.70446014404297,-3.391346399439499e-05,-2.2636869267955717e-06,13.827190399209751,7,1.4303616237642174
4,23,33.0908203125,-3.7234345654724166e-05,-2.2636869267955717e-06,14.009437561074801,7,1.4494026374818678
4,24,34.49541091918945,-4.057493788423017e-05,-2.2636869267955717e-06,14.191684722940513,7,1.4684531879426854
4,25,35.9182243347168,-4.396014628582634e-05,-2.2636869267955717e-06,14.373931884806435,7,1.4874961090089727
4,26,37.3592643737793,-4.739439464174211e-05,-2.2636869267955717e-06,14.556179046672193,7,1.5065428447725249
4,27,38.81852722167969,-5.08723605889827e-05,-2.2636869267955717e-06,14.738426208537982,7,1.5255857658388114
4,28,40.296016693115234,-5.439503729576245e-05,-2.2636869267955717e-06,14.920673370403748,7,1.5446325016023637
4,29,41.79172897338867,-5.7961660786531866e-05,-2.2636869267955717e-06,15.102920532269511,7,1.5636754226686502
4,30,43.305667877197266,-6.157209281809628e-05,-2.2636869267955717e-06,15.285167694135263,7,1.5827221584322024
4,31,44.83782958984375,-6.522618787130341e-05,-2.2636869267955717e-06,15.46741485600092,7,1.6017650794984886
4,32,46.38821792602539,-6.892005330882967e-05,-2.2636869267955717e-06,15.649662017866698,7,1.6208118152620408
4,33,47.95682907104492,-7.26583311916329e-05,-2.2636869267955717e-06,15.831909179732492,7,1.6398547363283273
4,34,49.54366683959961,-7.644172728760168e-05,-2.2636869267955717e-06,16.014154434249647,7,1.6589014635088108
4,35,51.14872360229492,-8.027077274164185e-05,-2.2636869267955717e-06,16.196382522629083,7,1.6779404840471435
4,36,52.772010803222656,-8.414252079091966e-05,-2.2636869267955717e-06,16.378610611008487,7,1.6969909486772725
4,37,54.41351318359375,-8.805670222500339e-05,-2.2636869267955717e-06,16.56083869938781,7,1.7160261545183388
4,38,56.0732421875,-9.201104694511741e-05,-2.2636869267955717e-06,16.743066787767287,7,1.7350728044512027
4,39,57.75119400024414,-9.601070632925257e-05,-2.2636869267955717e-06,16.92529487614674,7,1.754115639686801
4,40,59.447364807128906,-0.00010005490912590176,-2.2636869267955717e-06,17.107522964526176,7,1.7731546602251333
4,41,61.161766052246094,-0.00010414286225568503,-2.2636869267955717e-06,17.2897510529056,7,1.7922051248552626
4,42,62.89438247680664,-0.00010827431833604351,-2.2636869267955717e-06,17.471979141285033,7,1.8112403306963296
4,43,64.64521789550781,-0.00011244983761571348,-2.2636869267955717e-06,17.654207229664426,7,1.8302793512346618
4,44,66.4054946899414,0.005493795964866877,0.004313522017601379,17.46298785968002,8,1.8388602398021539
4,45,68.15682983398438,0.028402583673596382,0.016068581911156343,17.64503401966015,7,1.8307377971314394
4,46,69.92472839355469,0.05753583461046219,0.01875917356046397,17.827241427159073,7,1.8481211459925284
4,47,71.71076965332031,0.09181926399469376,0.01932469581794205,18.009501791781673,7,1.8670840178286425
4,48,73.5150146484375,0.12752526998519897,0.019449464915012094,18.19177110274461,7,1.8861079650795383
4,49,75.33748626708984,0.16330762207508087,0.01947369968093149,18.374031030380316,7,1.9051547582890551
4,50,77.17818450927734,0.19915398955345154,0.019475963367858284,18.556292714653505,7,1.9242015594034407
4,51,79.037109375,0.23528137803077698,0.019475430735640842,18.738559084769424,7,1.9432483816041186
4,52,80.91425323486328,0.27178969979286194,0.0194746317873129,18.920829707888757,7,1.9622875935487807
4,53,82.80962371826172,0.3086913824081421,0.01947503126147687,19.1030973333038,7,1.9813344213983046
4,54,84.72322082519531,0.3459692895412445,0.01947489810342251,19.285360996752807,7,2.0003812314189813
4,55,86.655029296875,0.3836045265197754,0.01947489810342251,19.467622623336513,7,2.019412773484702
4,56,88.60507202148438,0.42158958315849304,0.01947489810342251,19.649884519930712,7,2.0384672049490633
4,57,90.57333374023438,0.4599263072013855,0.01947503126147687,19.832146953407143,7,2.057506380040332
4,58,92.559814453125,0.49861717224121094,0.01947503126147687,20.01440963237534,7,2.076545556236314
4,59,94.56452178955078,0.5376631617546082,0.01947503126147687,20.196672362995475,7,2.0955923620592607
4,60,96.58744812011719,0.5770644545555115,0.01947503126147687,20.378935079107322,7,2.114631538422389
4,61,98.62860107421875,0.6168209910392761,0.01947503126147687,20.561197740665182,7,2.1336783439345557
4,62,100.68797302246094,0.656932532787323,0.01947503126147687,20.74346038249064,7,2.1527175199633954
4,63,102.76557159423828,0.6973989009857178,0.01947503126147687,20.92572302431611,7,2.1717643253867664
4,64,104.86139678955078,0.7382201552391052,0.01947503126147687,21.107985676007768,7,2.190811130854535
4,65,106.97543334960938,0.7793963551521301,0.01947503126147687,21.290248327699427,7,2.209842677533241
4,66,109.10770416259766,0.8209275007247925,0.01947503126147687,21.47251097881072,7,2.0603302166294477
4,67,111.24951171875,0.8569956421852112,0.015192268754466554,21.28072193421424,6,2.0237023944237054
4,68,113.28282928466797,0.7485511302947998,-0.09692681313786977,18.905425164929603,6,-5.0
5,0,5.799999237060547,4.1575517654418945,0.0,10.000000000000009,7,0.8449992370605469
5,1,6.7999982833862305,4.1575517654418945,0.0,10.000000000000009,7,1.0449990463256837
5,2,7.800648212432861,4.1575517654418945,0.0,10.097595214843768,7,1.0460891075134278
5,3,8.813660621643066,4.1575517654418945,-2.663161087212984e-07,10.260253906250314,7,1.0591835517883315
5,4,9.842939376831055,4.1575517654418945,-3.9947416397012603e-07,10.422912597656918,7,1.0761818618774444
5,5,10.888484001159668,4.1575517654418945,-3.9947416397012603e-07,10.558343274252113,7,1.0930571690627477
5,6,11.944031715393066,4.157534599304199,-6.098638896290254e-05,10.676761771731881,7,1.103593142206192
5,7,13.014961242675781,4.157547473907471,1.7044230975926666e-05,10.839421467188243,7,1.1197069238850619
5,8,14.102156639099121,4.157005310058594,-3.448793611671164e-05,11.002080891566713,7,1.1367047604353901
5,9,15.205617904663086,4.156374931335449,-0.00011291803021951097,11.164739132866607,7,1.1537025916618646
5,10,16.32534408569336,4.155830383300781,-0.000165382303693562,11.327397371413596,7,1.1706994692016346
5,11,17.461336135864258,4.155365467071533,-0.00019294602097641445,11.490055991016582,7,1.187697302130473
5,12,18.61359405517578,4.154913425445557,-0.0002075934069711849,11.652714481054497,7,1.2046951344762686
5,13,19.782119750976562,4.154532432556152,-0.0002126534130431068,11.815372820750506,7,1.2216948734941586
5,14,20.966909408569336,4.154260158538818,-0.00021305288720618876,11.978031371723448,7,1.238690798765529
5,15,22.167966842651367,4.154036998748779,-0.00021318604526143758,12.14069005099841,7,1.255690539311524
5,16,23.38528823852539,4.153811454772949,-0.00021318604526143758,12.30334878664576,7,1.2726864654139294
5,17,24.61887550354004,4.153561115264893,-0.00021398499358760148,12.466007521309148,7,1.2896842988605397
5,18,25.868730545043945,4.153290271759033,-0.0002146507838602929,12.628666229701468,7,1.3066840395375627
5,19,27.134849548339844,4.153011798858643,-0.00021518341607862368,12.791324921864236,7,1.3236799654442875
5,20,28.417236328125,4.152732849121094,-0.0002161155224600364,12.953983610345475,7,1.3406797060317108
5,21,29.71588706970215,4.152451515197754,-0.0002161155224600364,13.11664230196688,7,1.3576756319359995
5,22,31.030803680419922,4.1521687507629395,-0.00021704762884144913,13.279300998657428,7,1.3746734652117318
5,23,32.36198425292969,4.151881217956543,-0.00021718078689580977,13.441959697005025,7,1.3916693911462883
5,24,33.709434509277344,4.1515889167785645,-0.00021718078689580977,13.6046183937086,7,1.4086710391193449
5,25,35.07314682006836,4.151292324066162,-0.00021851236744119262,13.76727709095737,7,1.4256650577003238
5,26,36.453128814697266,4.150991439819336,-0.0002181128932772225,13.929935787072063,7,1.4426667056707305
5,27,37.8493766784668,4.150686740875244,-0.0002181128932772225,14.092594482189059,7,1.459664538939382
5,28,39.26188659667969,4.150378227233887,-0.0002181128932772225,14.255253177365725,7,1.4766585575110365
5,29,40.69066619873047,4.15006685256958,-0.00021824605133158315,14.417911872801874,7,1.4936602054783896
5,30,42.13570785522461,4.14975118637085,-0.00021824605133158315,14.58057056823064,7,1.5106542240511784
5,31,43.59701919555664,4.14943265914917,-0.00021824605133158315,14.743229263570901,7,1.5276558720181004
5,32,45.0745964050293,4.149109840393066,-0.00021824605133158315,14.905887958862783,7,1.5446537052875389
5,33,46.56843566894531,4.148784160614014,-0.00021824605133158315,15.068546653978025,7,1.5616477238589168
5,34,48.07854461669922,4.148454666137695,-0.0002181128932772225,15.23120534904393,7,1.578649371824604
5,35,49.604915618896484,4.1481218338012695,-0.0002181128932772225,15.393864044276986,7,1.5956433903965122
5,36,51.14755630493164,4.147785186767578,-0.0002181128932772225,15.55652273955017,7,1.612645038363132
5,37,52.70646286010742,4.147445201873779,-0.0002181128932772225,15.71918143481812,7,1.6296428716324627
5,38,54.28163146972656,4.147101402282715,-0.0002181128932772225,15.881840130099532,7,1.6466368902045885
5,39,55.873069763183594,4.146754264831543,-0.0002181128932772225,16.044498825382973,7,1.6636385381712546
5,40,57.480770111083984,4.1464033126831055,-0.0002181128932772225,16.207157520663063,7,1.6806325567433744
5,41,59.104740142822266,4.1460490226745605,-0.0002181128932772225,16.369816216088942,7,1.6976342047106816
5,42,60.74497604370117,4.145691394805908,-0.00021824605133158315,16.532474911603472,7,1.714632037981122
5,43,62.40147399902344,4.14532995223999,-0.00021824605133158315,16.695133606942413,7,1.7316260565535064
5,44,64.0742416381836,4.144964694976807,-0.00021824605133158315,16.857792302226873,7,1.7486277045201772
5,45,65.76327514648438,4.144596099853516,-0.00021824605133158315,17.020450997490297,7,1.7656255377894876
5,46,67.46857452392578,4.144223690032959,-0.00021824605133158315,17.18310969278665,7,1.7826233710589463
5,47,69.19013214111328,4.143847942352295,-0.00021824605133158315,17.345768388056474,7,1.799613574933754
5,48,70.92796325683594,4.143468379974365,-0.00021824605133158315,17.508427083339054,7,1.816619037597682
5,49,72.68206024169922,4.143085479736328,-0.00021824605133158315,17.671085778609793,7,1.8336168708670253
5,50,74.45242309570312,4.142699241638184,-0.00021824605133158315,17.83374447389685,7,1.850614704136442
5,51,76.23905181884766,4.142309188842773,-0.00021824605133158315,17.996403169181818,7,1.8676125374058494
5,52,78.04193878173828,4.141915798187256,-0.00021824605133158315,18.159061864464757,7,1.8846027412807165
5,53,79.86109924316406,4.141518592834473,-0.00021824605133158315,18.321720559732142,7,1.9016082039445759
5,54,81.69652557373047,4.141118049621582,-0.00021824605133158315,18.48437925502006,7,1.9186060372139966
5,55,83.5482177734375,4.140713691711426,-0.00021824605133158315,18.647037950304213,7,1.9356038704834002
5,56,85.41617584228516,4.140305995941162,-0.00021824605133158315,18.809696645588573,7,1.952601703752805
5,57,87.3003921508789,4.139894485473633,-0.00021824605133158315,18.972355340862872,7,1.969591907627633
5,58,89.20088195800781,4.139479637145996,-0.00021824605133158315,19.13501403615018,7,1.986597370291582
5,59,91.11763763427734,4.139061450958252,-0.00021824605133158315,19.297672731422853,7,2.003595203560934
5,60,93.0506591796875,4.138639450073242,-0.00021824605133158315,19.46033142669654,7,2.0205930368302907
5,61,94.99994659423828,4.138214111328125,-0.00021824605133158315,19.622990121992487,7,2.0375908700997476
5,62,96.96549224853516,4.137784957885742,-0.00021824605133158315,19.785648817277355,7,2.054581073974623
5,63,98.94731140136719,4.137352466583252,-0.00021824605133158315,19.94830751254271,7,2.0715865366384736
5,64,100.94539642333984,4.136916160583496,-0.00021824605133158315,20.11096620783144,7,2.0885843699078976
5,65,102.95974731445312,4.136476516723633,-0.00021824605133158315,20.27362490310594,7,2.105582203177258
5,66,104.99036407470703,4.136033535003662,-0.00021824605133158315,20.43628359839406,7,2.1225800364466796
5,67,107.03723907470703,4.135586738586426,-0.00021824605133158315,20.598942293681773,7,2.139570240321568
5,68,109.10038757324219,4.135136604309082,-0.00021824605133158315,20.761600988945805,7,2.149178119445312
5,69,111.1728744506836,4.128707408905029,-0.004138951808146274,20.632684024329297,6,2.083759518403434
5,70,113.23296356201172,4.093159198760986,-0.021873740455310653,20.4880281778705,6,1.9409653199776122
5,71,115.27713012695312,4.012857913970947,-0.047537292299860034,20.338269175368392,6,1.7716491776322314
5,72,117.30348205566406,3.8780856132507324,-0.0755537469674934,20.193782425630996,6,2.044169722863797
5,73,119.31095123291016,3.6867449283599854,-0.10357965585699702,20.056325602186064,6,1.8366561673623119
5,74,121.29853057861328,3.4401676654815674,-0.13159078420245063,19.918404002236432,6,1.6488260708215536
5,75,123.26464080810547,3.1393051147460938,-0.15998301089989386,19.779274605045412,6,1.4833510386636712
5,76,125.20758819580078,2.7845890522003174,-0.18882331445074385,19.639584847341304,6,1.3403531256471466
5,77,127.12574005126953,2.376417636871338,-0.2179842625968389,19.500189787921663,6,1.2180837331682917
5,78,129.01751708984375,1.9153608083724976,-0.2473357599189292,19.36074779097834,6,1.1139662163790416
5,79,130.8813934326172,1.402167797088623,-0.2768588979732751,19.221407559134626,6,1.0253305737054372
5,80,132.71580505371094,0.8377186059951782,-0.30657178625528925,19.082303165257454,6,0.9497061661730951
5,81,134.519287109375,0.2229560762643814,-0.33649879268894534,18.943314622580885,6,0.8850078325693223
5,82,136.29034423828125,-0.44116082787513733,-0.3666530999216402,18.804412805639167,6,0.8294531991722238
5,83,138.0275115966797,-1.1536383628845215,-0.3970351074275369,18.665655427396388,6,0.7815579317349051
5,84,139.7293243408203,-1.9134312868118286,-0.4276401546747275,18.527032730612948,6,0.7400771159253444
5,85,141.39437866210938,-2.7194368839263916,-0.4584681085051576,18.38854116200683,6,-5.0
6,0,5.799999237060547,-3.4969112050475815e-08,0.0,10.000000000000009,7,0.8449992370605469
6,1,6.7999982833862305,-7.868049323178639e-08,0.0,10.000000000000009,7,1.0449990463256837
6,2,7.800644397735596,-1.1937297017539095e-07,0.0,10.096942901611346,7,1.0460823574066163
6,3,8.813570022583008,-2.0113211007810605e-07,0.0,10.258514404297083,7,1.0590889396667489
6,4,9.842653274536133,-4.1419383478569216e-07,-5.326322183307752e-07,10.420085906983084,7,1.0759736385345489
6,5,10.887892723083496,-9.001960279420018e-07,-1.3315805453828489e-06,10.5555318164036,7,1.0927393417211795
6,6,11.943120002746582,-5.334870365913957e-06,-5.486111845520725e-05,10.672640960179464,7,1.1032541639838935
6,7,13.013615608215332,3.7622739910148084e-06,3.169161697158529e-05,10.834213688882803,7,1.1192495670687226
6,8,14.100268363952637,-0.0005913398927077651,-2.7031085064521676e-05,10.99578606580766,7,1.1361337930334392
6,9,15.203078269958496,-0.0012811063788831234,-0.00011464908492797576,11.157357016205658,7,1.1530180125787848
6,10,16.322046279907227,-0.001874971785582602,-0.00017310547085536143,11.318927971009854,7,1.169903185818275
6,11,17.457170486450195,-0.002380617428570986,-0.00020453077171822542,11.480499354483529,7,1.1867864536381447
6,12,18.60845184326172,-0.0028656802605837584,-0.0002207760543679882,11.642070641580952,7,1.2036706746986376
6,13,19.775890350341797,-0.003278179559856653,-0.00022650185071171336,11.803641734335185,7,1.2205548948845863
6,14,20.95235252380371,0.002630538772791624,0.003949467896587677,11.669072520577991,8,1.228972999804515
6,15,22.115995407104492,0.03565944731235504,0.023741814801947925,11.53075684353789,8,1.2155312890967018
6,16,23.264108657836914,0.10578309744596481,0.05538522855816019,11.393914873201101,8,1.1993858676618268
6,17,24.394948959350586,0.22076201438903809,0.09424208044296112,11.264036081198979,8,1.1815284638790673
6,18,25.514846801757812,0.3708372712135315,0.12803679572773952,11.406820050327301,7,1.1712285326336995
6,19,26.648284912109375,0.5252907276153564,0.1367128419269994,11.568476772918933,7,1.1854962558296978
6,20,27.79717254638672,0.686046838760376,0.13838970130736783,11.730054407702452,7,1.2016728791120048
6,21,28.96213722229004,0.8485042452812195,0.13869942694214465,11.891629268732387,7,1.2184770076126161
6,22,30.14316749572754,1.0127286911010742,0.13874842910620178,12.05320586996775,7,1.235269699852355
6,23,31.340177536010742,1.1793627738952637,0.13875561964114524,12.214785348144103,7,1.2519765743498517
6,24,32.55314636230469,1.3485432863235474,0.1387573506958537,12.37636637567155,7,1.2686624749844673
6,25,33.78208541870117,1.5201783180236816,0.1387600138569436,12.537944691138673,7,1.2853598075066084
6,26,35.02701950073242,1.694116234779358,0.13876107912137936,12.69952703054646,7,1.3020819536687092
6,27,36.287960052490234,1.870269775390625,0.1387616117535977,12.861108984868963,7,1.3188155421897227
6,28,37.564910888671875,2.0486159324645996,0.1387618780697064,13.022689707753687,7,1.3355529398665322
6,29,38.85786437988281,2.229177474975586,0.1387616117535977,13.18427081709616,7,1.3522827098878702
6,30,40.16682052612305,2.4119744300842285,0.1387616117535977,13.34585467523208,7,1.3690124922787787
6,31,41.49177932739258,2.5970122814178467,0.1387616117535977,13.50743845118154,7,1.3857422742998482
6,32,42.832740783691406,2.784289836883545,0.1387616117535977,13.669021174146145,7,1.4024720515824858
6,33,44.18970489501953,2.973803997039795,0.1387616117535977,13.830600500440244,7,1.419201813580106
6,34,45.56267166137695,3.1655523777008057,0.1387616117535977,13.992178771457672,7,1.4359315708289815
6,35,46.95164108276367,3.359534740447998,0.1387616117535977,14.153757586606115,7,1.4526613305264462
6,36,48.35661315917969,3.5557518005371094,0.1387616117535977,14.31533712725524,7,1.4693910934886643
6,37,49.777587890625,3.7542033195495605,0.1387616117535977,14.476916832790561,7,1.4861208571928701
6,38,51.21456527709961,3.9548897743225098,0.1387616117535977,14.638496637257656,7,1.5028506213422688
6,39,52.667545318603516,4.157812118530273,0.1387616117535977,14.800076309815758,7,1.5195803848980771
6,40,54.13652801513672,4.362968444824219,0.1387616117535977,14.961655982373864,7,1.5363101484538855
6,41,55.62151336669922,4.570359706878662,0.1387616117535977,15.123235654931971,7,1.5530399120096938
6,42,57.122501373291016,4.779986381530762,0.1387616117535977,15.284815327490083,7,1.5697696755655022
6,43,58.633487701416016,4.9850263595581055,0.1348005591062682,15.156316933378319,6,1.5791897543252025
6,44,60.135982513427734,5.161124229431152,0.11607840348495646,15.013425569926797,6,1.5700552270763892
6,45,61.62834167480469,5.295003890991211,0.0869659248707011,14.867927942158717,6,1.5592648371166673
6,46,63.116031646728516,5.392035961151123,0.061749251457067444,15.022487355532048,7,1.5552911650237224
6,47,64.61892700195312,5.480106353759766,0.05601772931705362,15.184052297164577,7,1.57122359056185
6,48,66.13179779052734,5.556163311004639,0.0507896777811192,15.0552691170336,6,1.58061949960087
6,49,67.63385772705078,5.603001594543457,0.03127283489052779,14.918190389918692,6,1.5691917932780717
6,50,69.12277221679688,5.609146595001221,0.0016837835992022931,14.776126190777767,6,1.5554070576045937
6,51,70.6041259765625,5.57932186126709,-0.02390120499318904,14.930392137849129,7,1.548540524385946
6,52,72.099853515625,5.539199352264404,-0.029729799354935693,15.09193756967493,7,1.5636412581260373
6,53,73.61153411865234,5.491703987121582,-0.030895065489899842,15.253520554734509,7,1.580321445523649
6,54,75.13935089111328,5.443290710449219,-0.03112662734668259,15.415090160782578,7,1.5971846781844592
6,55,76.68334197998047,5.395248889923096,-0.031163378969726097,15.57666413131018,7,1.6140860774580834
6,56,78.24349212646484,5.346951961517334,-0.031165509498597643,15.738236574507726,7,1.6309722110696598
6,57,79.81978607177734,5.2980546951293945,-0.031165243182488922,15.899812707582269,7,1.6478431024966202
6,58,81.4122314453125,5.248490810394287,-0.031165908972761613,16.06138907564591,7,1.664721624375563
6,59,83.02082824707031,5.198317527770996,-0.031167240553306108,16.222985278336093,7,1.681600235510325
6,60,84.64556884765625,5.147617816925049,-0.0311679063435788,16.384572511215975,7,1.6984711768864094
6,61,86.28646087646484,5.096435546875,-0.03116777318552444,16.54615734035656,7,1.7153497368401982
6,62,87.9435043334961,5.044771671295166,-0.031167506869415718,16.707747105433405,7,1.7322283190057004
6,63,89.61669158935547,4.992611885070801,-0.031167506869415718,16.869339946334804,7,1.7490992856178815
6,64,91.30603790283203,4.939947128295898,-0.031167506869415718,17.03093363601571,7,1.7659855148386332
6,65,93.01153564453125,4.886775493621826,-0.03116737371136047,17.192527247737335,7,1.7828641143140367
6,66,94.73318481445312,4.833098888397217,-0.031167506869415718,17.354120257676115,7,1.7997427110814175
6,67,96.47098541259766,4.7789177894592285,-0.031167506869415718,17.5157129407049,7,1.8166213063777032
6,68,98.22492980957031,4.724233150482178,-0.031167506869415718,17.677305542007044,7,1.833492271911688
6,69,99.99503326416016,4.669045448303223,-0.031167506869415718,17.838898221322125,7,1.8503784965857932
6,70,101.78128814697266,4.613354682922363,-0.031167506869415718,18.00049097679159,7,1.8672570922080622
6,71,103.58369445800781,4.557160377502441,-0.031167506869415718,18.162083758264924,7,1.8841356879473485
6,72,105.40225219726562,4.500462532043457,-0.031167506869415718,18.32367653973828,7,1.9010142836866348
6,73,107.23695373535156,4.443260669708252,-0.031167506869415718,18.485269300779997,7,1.9178852499394474
6,74,109.08781433105469,4.385555267333984,-0.031167506869415718,18.64686205624945,7,1.9347714749562475
6,75,110.95482635498047,4.327346324920654,-0.031167506869415718,18.808454826578277,7,1.9516500706453834
6,76,112.8379898071289,4.26863431930542,-0.031167506869415718,18.970047583905153,7,1.9685286662760106
6,77,114.7373046875,4.209418773651123,-0.031167506869415718,19.131640343089447,7,1.9854072619149963
6,78,116.65276336669922,4.1496992111206055,-0.031167506869415718,19.293233104131165,7,2.002278228167809
6,79,118.58438110351562,4.089476108551025,-0.031167506869415718,19.45482587817484,7,2.019164453268193
6,80,120.53215026855469,4.028749465942383,-0.031167506869415718,19.616418635501713,7,2.0360430488988204
6,81,122.4960708618164,3.9675190448760986,-0.031167506869415718,19.77801139282859,7,2.0529216445294476
6,82,124.47614288330078,3.90578556060791,-0.031167506869415718,19.93960414829804,7,2.069800240151716
6,83,126.47235870361328,3.843548536300659,-0.031167506869415718,20.101196914912023,7,2.086671206429604
6,84,128.48472595214844,3.7808077335357666,-0.031167506869415718,20.262789690813122,7,2.1035498021438155
6,85,130.5132598876953,3.7175633907318115,-0.031167506869415718,20.424382448139994,7,2.120443656563505
6,86,132.5579376220703,3.653815269470215,-0.031167506869415718,20.585975203609443,7,2.1373146227912425
6,87,134.61875915527344,3.5895636081695557,-0.031167506869415718,20.747567966508583,7,2.1541855890524135
6,88,136.69573974609375,3.524808645248413,-0.031167506869415718,20.90916073126515,7,2.1710718141110057
6,89,138.7888641357422,3.459550142288208,-0.031167506869415718,21.070753492306867,7,2.1879427803638185
6,90,140.89813232421875,3.3937880992889404,-0.031167506869415718,21.232346253348584,7,2.2048137466166313
6,91,143.0235595703125,3.3275222778320312,-0.031167506869415718,21.393939014390302,7,2.221699971658506
6,92,145.1651611328125,3.2607529163360596,-0.031167506869415718,21.555531771717177,7,2.238601455472727
6,93,147.32290649414062,3.1934797763824463,-0.031167506869415718,21.7171245327589,7,2.25547242172554
6,94,149.49679565429688,3.1257035732269287,-0.031167506869415718,21.878717303087726,7,2.2723433880201447
6,95,151.6868438720703,3.0574238300323486,-0.031167506869415718,22.040310064129443,7,2.28922961306202
6,96,153.89303588867188,2.988640308380127,-0.031167506869415718,22.201902827028583,7,2.306100579323191
6,97,156.11537170410156,2.9193532466888428,-0.031167506869415718,22.363495589927723,7,2.3229715455843625
6,98,158.34925842285156,2.8497064113616943,-0.031167506869415718,22.332734180228524,7,2.334384022561028
6,99,160.5808563232422,2.7801311016082764,-0.031167640027470078,22.301972798390654,7,2.331956777983383
6,100,162.80934143066406,2.7106523513793945,-0.03116817265968752,22.271211563289825,7,2.3287055594566795
6,101,165.03475952148438,2.641268491744995,-0.03116817265968752,22.240450432207762,7,2.3255001177652472
6,102,167.2571258544922,2.571979284286499,-0.03116870529190585,22.209689364283573,7,2.3223099351470884
6,103,169.4810333251953,2.502641439437866,-0.03116870529190585,22.371282320362276,7,2.324578241144755
6,104,171.71568298339844,2.432967185974121,-0.031169104766068934,22.340521129849243,7,2.3351820032874464
6,105,173.9480438232422,2.3633644580841064,-0.031168971608014573,22.309759653278853,7,2.332754758283505
6,106,176.17733764648438,2.2938570976257324,-0.031168971608014573,22.278998219431497,7,2.329549315229629
6,107,178.4035186767578,2.2244462966918945,-0.03116870529190585,22.24823672614393,7,2.3262980955410852
6,108,180.62664794921875,2.1551318168640137,-0.031169371082178543,22.21747550962568,7,2.323107912254253
6,109,182.851318359375,2.085768461227417,-0.031170036872451234,22.379068599450754,7,2.3253762188537785
6,110,185.08673095703125,2.01606822013855,-0.031170036872451234,22.34830745538194,7,2.335979981205469
6,111,187.31504821777344,1.952993392944336,-0.0269935344929344,22.10535456638806,8,2.3277913562909336
6,112,189.5226593017578,1.922040581703186,-0.008437426965588912,21.952950478419094,8,2.306399361137261
6,113,191.72230529785156,1.9270128011703491,0.009597766252536388,22.11237317772078,7,2.2991516753934933
6,114,193.93666076660156,1.949775218963623,0.013591575781274123,22.273788060347183,7,2.3145875150215622
6,115,196.16241455078125,1.982357144355774,0.014437662059592071,22.24300952859191,7,2.325847327058351
6,116,198.38063049316406,2.0230865478515625,0.018978218560122606,21.99517087883196,8,2.3171942113375565
6,117,200.58419799804688,2.083641767501831,0.03077096218310249,22.156512857144214,7,2.3032718127399616
6,118,202.80201721191406,2.1521124839782715,0.03340922271698954,22.31798645897559,7,2.3182501529325776
6,119,205.03115844726562,2.2269768714904785,0.03395596968878323,22.287228142339718,7,2.329433761992091
6,120,207.25794982910156,2.303499937057495,0.03408273615667046,22.256461642906036,7,2.3269454592290146
6,121,209.481689453125,2.379849910736084,0.034108968293407926,22.225697962699243,7,2.323755264855584
6,122,211.70237731933594,2.4556901454925537,0.03410923460951665,22.19493591485556,7,2.3205650778277875
6,123,213.92457580566406,2.5313949584960938,0.03410657144842677,22.356506778896552,7,2.3228027668331594
6,124,216.1575469970703,2.6074578762054443,0.034104840393718305,22.325739782571475,7,2.3334370204278216
6,125,218.3882293701172,2.6835060119628906,0.034104307761499975,22.294962555429994,7,2.33100970454631
6,126,220.6157989501953,2.7595152854919434,0.034104973551772666,22.264204970867574,7,2.327758502447029
6,127,222.84030151367188,2.8354406356811523,0.034104707235663945,22.233435949982535,7,2.324553025251484
6,128,225.06175231933594,2.911245584487915,0.034104707235663945,22.202666805953957,7,2.321362806290855
6,129,227.2847442626953,2.987091541290283,0.034104707235663945,22.364235189294835,7,2.3236310017112016
6,130,229.5184783935547,3.063300848007202,0.034105239867882275,22.33347064528107,7,2.33423474876314
6,131,231.7499237060547,3.1394312381744385,0.034104174603445614,22.302706607326378,7,2.3318074922329686
6,132,233.97828674316406,3.2154572010040283,0.03410364197122817,22.271942323455693,7,2.328586777564926
6,133,236.20355224609375,3.2913782596588135,0.03410310933900984,22.241177525395624,7,2.325350801793968
6,134,238.42576599121094,3.3671929836273193,0.03410244354873715,22.210412633857068,7,2.322160601969544
6,135,240.64952087402344,3.443058729171753,0.03410244354873715,22.371982429762184,7,2.32442880374643
6,136,242.88401794433594,3.5192911624908447,0.03410244354873715,22.34121791624076,7,2.3350325509355834
6,137,245.11622619628906,3.595444440841675,0.03410177775846446,22.310453388494587,7,2.3326052922013507
6,138,247.3453826904297,3.671492099761963,0.034101511442355736,22.279688661590583,7,10.0
7,0,5.799999237060547,8.551513671875,0.0,10.000000000000009,6,0.8449992370605469
7,1,6.7999982833862305,8.551513671875,0.0,10.000000000000009,6,1.0449990463256837
7,2,7.790217399597168,8.540493965148926,-0.008797220028858632,9.40558730462834,6,1.032544259081765
7,3,8.713138580322266,8.460183143615723,-0.06857160437957788,8.86069750168849,6,0.9627943194826959
7,4,9.58359146118164,8.307019233703613,-0.14907110780745825,8.768999108637045,6,0.9099133768482417
7,5,10.434420585632324,8.098397254943848,-0.21538754737595678,8.720941273741577,6,0.8900733601825207
7,6,11.266168594360352,7.842311382293701,-0.27295137486385634,8.626917462001746,6,0.8705691373070352
7,7,12.084620475769043,7.553804874420166,-0.3191492302934611,8.851303823982581,7,0.858282748616613
7,8,12.925619125366211,7.261253356933594,-0.33204012839193453,9.116164794527544,7,0.882021391172542
7,9,13.791474342346191,6.959553241729736,-0.33455002456128025,9.380933114755312,7,0.9080694159963794
7,10,14.68280029296875,6.650488376617432,-0.3350162109100978,9.645724133382247,7,0.9347317092227787
7,11,15.59912109375,6.332681179046631,-0.3350966383750187,9.910497172208116,7,0.9609180380561866
7,12,16.54024887084961,6.005602836608887,-0.335110753128796,10.175272481429708,7,0.9869165032660431
7,13,17.506227493286133,5.669365882873535,-0.33511607945097666,10.44005438968257,7,1.012958867190095
7,14,18.49713706970215,5.324218273162842,-0.33511900892817525,10.704837416838386,7,1.0390813447917884
7,15,19.513044357299805,4.970329761505127,-0.33512060682482936,10.969620407475393,7,1.0652705794312956
7,16,20.55396842956543,4.6077704429626465,-0.33512127261510205,11.234403199476233,7,1.091478886663268
7,17,21.619915008544922,4.236549377441406,-0.33512100629899333,11.499187083344667,7,1.1176929208545432
7,18,22.71087074279785,3.856633186340332,-0.3351202073506663,11.76397042561141,7,1.143893601168181
7,19,23.826831817626953,3.4680049419403076,-0.3351202073506663,12.02875966185816,7,1.1700904933074634
7,20,24.96779441833496,3.0706613063812256,-0.3351202073506663,12.29354176086826,7,1.196283538631915
7,21,26.13376235961914,2.6646058559417725,-0.3351202073506663,12.558328544651243,7,1.2224804197351102
7,22,27.324735641479492,2.2498409748077393,-0.3351202073506663,12.823110153249715,7,1.2486772775499753
7,23,28.533550262451172,1.834535002708435,-0.33092852495293545,12.685787451801495,8,1.2659006645047863
7,24,29.7381649017334,1.447733759880066,-0.310828316625563,12.513180574356952,8,1.260923951866833
7,25,30.937297821044922,1.1031485795974731,-0.278771846584279,12.336074825512396,8,1.2546452560263293
7,26,32.131771087646484,0.8087297081947327,-0.2408383126494087,12.175066348454427,8,1.2492610651696074
7,27,33.32176971435547,0.5665695071220398,-0.20060420700687231,12.023245256131421,8,1.2441032303615758
7,28,34.50588607788086,0.3770366609096527,-0.1589727407403725,11.87035906915066,8,1.2375329793365686
7,29,35.681861877441406,0.24056632816791534,-0.11614791198940821,11.716476467344213,8,1.228699943663596
7,30,36.84737014770508,0.1573270708322525,-0.07233917837371351,11.562585593826977,8,1.2175399054358933
7,31,38.000064849853516,0.12717267870903015,-0.02772071062858039,11.4088926505143,8,1.2040347190757519
7,32,39.137569427490234,0.14969280362129211,0.0175965705865897,11.255857073071775,8,1.1881559344655417
7,33,40.25753402709961,0.22420905530452728,0.06356459521412017,11.10365968449474,8,1.1699310681896014
7,34,41.35761260986328,0.34985995292663574,0.11018003430264933,10.952052051269607,8,1.149362816994385
7,35,42.44682693481445,0.5124474763870239,0.14644855992400263,11.200432583391075,7,1.1396162715764317
7,36,43.55897521972656,0.6842433214187622,0.15506575026317115,11.46528908551934,7,1.1637420857969465
7,37,44.696590423583984,0.8646079301834106,0.15678668495958092,11.730074532085915,7,1.1904005392518084
7,38,45.86042404174805,1.0486712455749512,0.1571153190380965,11.994861761323932,7,1.2178104960900202
7,39,47.05045700073242,1.2366132736206055,0.15717324279180644,12.25963942161882,7,1.2452013363816596
7,40,48.26660919189453,1.4289155006408691,0.15718269701367582,12.524422658088573,7,1.2725120931235079
7,41,49.50886535644531,1.6256444454193115,0.15718522701671134,12.789204916989737,7,1.2998075866772352
7,42,50.777252197265625,1.8266875743865967,0.15718749070363813,13.053986037672102,7,1.327129777989837
7,43,52.07177734375,2.0319173336029053,0.15718935491640096,13.318768670856965,7,1.3544596055032314
7,44,53.3924560546875,2.2412734031677246,0.15718935491640096,13.583551773219217,7,1.3818046939169866
7,45,54.739295959472656,2.454745292663574,0.15718962123250968,13.848332788751769,7,1.4091574023345392
7,46,56.11228942871094,2.6723523139953613,0.15718948807445532,14.113115027723154,7,1.4365024868630354
7,47,57.51143264770508,2.894105911254883,0.15718935491640096,14.377903275542042,7,1.4638437837340799
7,48,58.93672561645508,3.120008707046509,0.15718948807445532,14.6426887616136,7,1.4911850681772612
7,49,60.3881721496582,3.3500590324401855,0.15718935491640096,14.90747103795667,7,1.5185301528739301
7,50,61.86576843261719,3.584254741668701,0.15718948807445532,15.172251597448943,7,1.5458714151475046
7,51,63.3695182800293,3.8225951194763184,0.15718948807445532,15.437031821036731,7,1.5732164906067747
7,52,64.89942169189453,4.065080165863037,0.15718948807445532,15.701812529821481,7,1.600561568249431
7,53,66.45547485351562,4.311709880828857,0.15718948807445532,15.966593537188276,7,1.627902832538441
7,54,68.02916717529297,4.555692672729492,0.1530316278225694,15.82822432459602,6,1.644919331238026
7,55,69.59375,4.77145528793335,0.13362796927830622,15.653301312914431,6,1.6350226806151462
7,56,71.14579010009766,4.944058418273926,0.104110956494468,15.472111070004578,6,1.6216645999126769
7,57,72.68477630615234,5.064862251281738,0.07101505467972569,15.3049631440926,6,1.6078585402031043
7,58,74.21056365966797,5.132326126098633,0.037458825470563895,15.147289782172626,6,1.5939501575354018
7,59,75.72196960449219,5.147368431091309,0.0036168390764368397,14.988187688692365,6,1.5788527894233344
7,60,77.21704864501953,5.110533237457275,-0.030829951201248207,14.827560131291941,6,1.5618030611181575
7,61,78.6938705444336,5.022162914276123,-0.06588993431992307,14.666617186673953,6,1.5428216767540952
7,62,80.16172790527344,4.894613265991211,-0.09198851352853588,14.926944471457388,7,1.535028610961402
7,63,81.65291595458984,4.752091884613037,-0.09782536368966266,15.191724764256415,7,1.5595508107555602
7,64,83.16983795166016,4.600587368011475,-0.09902884618626917,15.456511085755416,7,1.5864762969562118
7,65,84.7131118774414,4.44650411605835,-0.09926906331659424,15.721291920928648,7,1.614019739425429
7,66,86.28279876708984,4.290416717529297,-0.09930967652321865,15.98607832820044,7,1.6416242421253395
7,67,87.87882995605469,4.131728172302246,-0.09931460337123532,16.25086242386884,7,1.6691600698722535
7,68,89.50118255615234,3.970249891281128,-0.09931540231956149,16.51564881486487,7,1.696673019764548
7,69,91.14988708496094,3.8059985637664795,-0.09931660074205251,16.78043529286781,7,1.724216487626499
7,70,92.82492065429688,3.6390600204467773,-0.09931686705816123,17.045221725501783,7,1.7517370671006955
7,71,94.52631378173828,3.4694952964782715,-0.09931779916454353,17.310013676932673,7,1.7792881889876033
7,72,96.25405883789062,3.297325372695923,-0.09931806548065225,17.574789817388265,7,1.806831610330591
7,73,98.00814819335938,3.1225411891937256,-0.09931833179676097,17.839573367875516,7,1.83436743562419
7,74,99.78858184814453,2.9451324939727783,-0.09931819863870661,18.104361870915064,7,1.8619032832042741
7,75,101.59536743164062,2.7650954723358154,-0.09931819863870661,18.369150102126373,7,1.8894467589556625
7,76,103.42849731445312,2.5824313163757324,-0.09931819863870661,18.633937115877092,7,1.916982599833947
7,77,105.28797149658203,2.3971409797668457,-0.09931819863870661,18.89872312491083,7,1.944518436191005
7,78,107.1738052368164,2.2092251777648926,-0.09931819863870661,19.16350885025922,7,1.9720695300605415
7,79,109.07707977294922,2.024998664855957,-0.0951906984232469,19.02442663672966,8,1.988884455998096
7,80,110.96968078613281,1.8693335056304932,-0.07645882226395706,18.847955693879584,8,1.977416813806052
7,81,112.8474349975586,1.758446216583252,-0.049307229160326926,18.664039637294664,8,1.9617423897936073
7,82,114.70938110351562,1.701195478439331,-0.02044894927211871,18.492927299141964,8,1.94516427880317
7,83,116.5553970336914,1.698204755783081,0.007689078699277374,18.331973655825205,8,1.9285098116269948
7,84,118.38462829589844,1.747463583946228,0.03567344227577518,18.169746071748726,8,1.9109951195299004
7,85,120.20633697509766,1.8374876976013184,0.05617192634416934,18.433764750021787,7,1.9046606205743168
7,86,122.0420913696289,1.9497441053390503,0.06457606379613257,18.291707235840885,8,1.9180670770925339
7,87,123.87322235107422,2.0854101181030273,0.07633232211217766,18.55635766221813,7,1.914634590925294
7,88,125.72860717773438,2.228949546813965,0.07899335267338525,18.821115804488024,7,1.9400798477803525
7,89,127.61007690429688,2.3785159587860107,0.07954196385794177,19.0858858712459,7,1.9673562129831066
7,90,129.5178680419922,2.5310580730438232,0.07965940926201398,19.35066218810324,7,1.9948691175417772
7,91,131.15078735351562,2.5817503929138184,0.12794172087682387,6.076495448399336,6,-5.0
8,0,5.799999237060547,4.033196449279785,0.0,10.000000000000009,7,0.8449992370605469
8,1,6.7999982833862305,4.033196449279785,0.0,10.000000000000009,7,1.0449990463256837
8,2,7.8007073402404785,4.033196449279785,0.0,10.106521606445328,7,1.046188404083252
8,3,8.814909934997559,4.033196449279785,-1.331580543606492e-07,10.284057617187704,7,1.0604808540344248
8,4,9.846866607666016,4.033196449279785,-1.331580543606492e-07,10.4615936279299,7,1.0790338439941416
8,5,10.896576881408691,4.033196449279785,0.0,10.59675108869224,7,1.0973956536417908
8,6,11.956506729125977,4.033015727996826,-0.0001432780666466016,10.733089490484108,7,1.1082287504244637
8,7,13.033366203308105,4.033132553100586,-0.0001572596623695688,10.91062558767013,7,1.1259572893266445
8,8,14.127979278564453,4.033299922943115,-0.00011398329465528434,11.088161566326239,7,1.1445098023048157
8,9,15.240346908569336,4.033436298370361,-7.629956523125259e-05,11.265697517198385,7,1.1630632688322755
8,10,16.370466232299805,4.033518314361572,-5.4727960401734776e-05,11.4432334993777,7,1.1816138744776683
8,11,17.518341064453125,4.033561706542969,-4.394215798608769e-05,11.620769507210875,7,1.2001682949357693
8,12,18.683969497680664,4.033597946166992,-3.8349519697611356e-05,11.79830551250516,7,1.2187208080338123
8,13,19.867351531982422,4.033604621887207,-3.635214887953708e-05,11.975841526160304,7,1.237273321169479
8,14,21.068485260009766,4.033567428588867,-3.675162304350721e-05,12.153377546196007,7,1.2558239269852258
8,15,22.287372589111328,4.033509731292725,-3.701793915222851e-05,12.330913558152254,7,1.2743764401132476
8,16,23.524015426635742,4.033451557159424,-3.7284255260949806e-05,12.508449565224746,7,1.2929308605679255
8,17,24.778411865234375,4.033401012420654,-3.701793915222851e-05,12.685985573453449,7,1.3114833736791733
8,18,26.050561904907227,4.033355236053467,-3.701793915222851e-05,12.863521583692219,7,1.3300358867994666
8,19,27.340463638305664,4.0333099365234375,-3.661846498914656e-05,13.041057594820293,7,1.3485864925751287
8,20,28.64811897277832,4.033263206481934,-3.7151097206589156e-05,13.21859360625227,7,1.3671390057007915
8,21,29.973529815673828,4.033214569091797,-3.7151097206589156e-05,13.39612961747857,7,1.3856934261741614
8,22,31.316694259643555,4.0331645011901855,-3.7151097206589156e-05,13.573665628428863,7,1.4042459392976565
8,23,32.6776123046875,4.033114433288574,-3.768372942491993e-05,13.751201639251473,7,1.422798452420577
8,24,34.05628204345703,4.03306245803833,-3.8615835806332655e-05,13.928737650418311,7,1.4413490581964137
8,25,35.45270919799805,4.0330095291137695,-3.8615835806332655e-05,14.106273661562817,7,1.4599053860180482
8,26,36.86688995361328,4.032954692840576,-3.914846802466343e-05,14.283809672607587,7,1.4784578991419686
8,27,38.29882049560547,4.032899379730225,-3.914846802466343e-05,14.461345683712691,7,1.4970065975688946
8,28,39.748504638671875,4.03284215927124,-3.914846802466343e-05,14.638881694630669,7,1.5155591106922444
8,29,41.20890808105469,4.0269036293029785,-0.003980094249123489,14.519989959937824,6,1.5257433972025327
8,30,42.65785598754883,3.993788242340088,-0.0227382025451508,14.386405927947488,6,1.5136867331699042
8,31,44.09184265136719,3.920898199081421,-0.05218623945675649,14.25055264235582,6,1.4981141507089606
8,32,45.509002685546875,3.7993688583374023,-0.08717325196156356,14.122197957355299,6,1.4807099249877864
8,33,46.907989501953125,3.6258749961853027,-0.12460065213126459,14.000590057633879,6,1.4619894716656026
8,34,48.29587936401367,3.412813663482666,-0.15431114356829756,14.165921915418586,7,1.4516365106799305
8,35,49.698143005371094,3.1881704330444336,-0.16131246091606144,14.343473369528558,7,1.4668092715203005
8,36,51.1169319152832,2.9545364379882812,-0.16269344309932166,14.52101186413463,7,1.4841334633007153
8,37,52.55327224731445,2.718219757080078,-0.162954033411987,14.69855094115324,7,1.5024838112664396
8,38,54.00723648071289,2.4796454906463623,-0.16299398082833783,14.876092945496636,7,1.5209066516531724
8,39,55.47871017456055,2.2381374835968018,-0.16299904083440886,15.053634156190691,7,1.5392150475505144
8,40,56.96765899658203,1.993500828742981,-0.16300010609884463,15.231175908937916,7,1.557489113611705
8,41,58.474098205566406,1.7457773685455322,-0.1630011713632804,15.408721013371483,7,1.5757784535445467
8,42,59.99803924560547,1.4950894117355347,-0.16300330189215284,15.586265640898713,7,1.5940792354231068
8,43,61.53949737548828,1.2415261268615723,-0.16300356820826245,15.763810355257574,7,1.6123952764814715
8,44,63.09848403930664,0.985117495059967,-0.16300356820826245,15.94135191438766,7,1.6307227474331039
8,45,64.67499542236328,0.7258487343788147,-0.16300303557604412,16.11889597984654,7,1.64904641496595
8,46,66.26902770996094,0.4637010097503662,-0.16300290241798976,16.296435990436827,7,1.667366249554622
8,47,67.88057708740234,0.19866786897182465,-0.1630034350502072,16.47396929914916,7,1.6856822392875774
8,48,69.5036392211914,-0.06228797882795334,-0.15907647086483134,16.35458596644601,8,1.6966577706380694
8,49,71.11988830566406,-0.2940194308757782,-0.14065711665946168,16.2199238298564,8,1.68923874170701
8,50,72.72803497314453,-0.4825446605682373,-0.1124264106821311,16.08194885234383,8,1.680515437316016
8,51,74.32772064208984,-0.6184112429618835,-0.07974542936522333,15.950573612734685,8,1.6714632502026185
8,52,75.91819763183594,-0.6983731985092163,-0.045551239916933106,15.825888251637782,8,1.6616934868784639
8,53,77.4980239868164,-0.722233235836029,-0.010609101676493538,15.70074444845351,8,1.6504797049985096
8,54,79.07227325439453,-0.7035952210426331,0.016224243676871808,15.869734047503599,7,1.6456630707918911
8,55,80.66248321533203,-0.6722491979598999,0.022358302615651304,16.047265182990866,7,1.6624226542609588
8,56,82.27030181884766,-0.633507251739502,0.023584421981523995,16.224818209399455,7,1.6808302854579225
8,57,83.89586639404297,-0.5944006443023682,0.023819046473559702,16.402366873539542,7,1.6993752261262405
8,58,85.53205871582031,-0.5499010682106018,0.027774639640654186,16.284495253254676,8,1.7094725504169899
8,59,87.16413116455078,-0.48932018876075745,0.0385548494171859,16.4617626556078,7,1.706150380680704
8,60,88.81259155273438,-0.4248841404914856,0.04094650123413146,16.639255324578503,7,1.723337037144197
8,61,90.4786376953125,-0.35589146614074707,0.04142959865587237,16.816794581984777,7,1.7417217181970566
8,62,92.16240692138672,-0.2853728234767914,0.04153133140951315,16.9943238005722,7,1.7602436831767936
8,63,93.85663604736328,-0.20874419808387756,0.045513023555290744,16.87507614313718,8,1.7509295579168667
8,64,95.53824615478516,-0.10482172667980194,0.0639436961952935,16.740382235544548,8,1.7337104219113098
8,65,97.203125,0.040226832032203674,0.09192473082042874,16.601720334782957,8,1.7036112765759266
8,66,98.84896087646484,0.2357267141342163,0.12404391830538408,16.469247134993108,8,1.666590130361211
8,67,100.47435760498047,0.48463183641433716,0.157401209381117,16.34387449872269,8,1.625323924410138
8,68,102.0779800415039,0.7866142392158508,0.1913257537690365,16.218093293068666,8,1.5806608328478151
8,69,103.65789031982422,1.1411291360855103,0.22588026891281476,16.091331846714198,8,1.5332659941597695
8,70,105.21210479736328,1.547698736190796,0.26099271630496457,15.964397143603543,8,1.2265587818389272
8,71,106.73870086669922,2.0056886672973633,0.29652035051105763,15.837515742102966,8,1.1860656599200499
8,72,108.23580932617188,2.5142595767974854,0.33237848300843,15.71074391927504,8,1.1458456958799048
8,73,109.70160675048828,3.0723953247070312,0.3685278321710017,15.584289089125665,8,1.1064120362826362
8,74,111.13433074951172,3.678929328918457,0.4049620064121573,15.458128712863383,8,1.0681536818781987
8,75,112.53226470947266,4.332607746124268,0.4416933894309665,15.33217022760846,8,1.0313598777853807
8,76,113.89369201660156,5.032118797302246,0.47872737412863575,15.206411972160307,8,0.9962187826478729
8,77,115.21692657470703,5.7760820388793945,0.5160684212999911,15.080896452909428,8,0.9628526810135519
8,78,116.50035858154297,6.563044548034668,0.5537151993644871,14.955624855220115,8,0.9313346267579616
8,79,117.74240112304688,7.391477108001709,0.5916707043783509,14.830591746848597,8,0.9016638254525999
8,80,118.9415054321289,8.259777069091797,0.6299389976622445,14.705813604091544,8,0.8738109238536684
8,81,120.09618377685547,9.166269302368164,0.6685254721173752,14.58129598144609,8,0.8477262380922541
8,82,121.20501708984375,10.109209060668945,0.7074349880127331,14.457040739367663,8,0.8233421403508862
8,83,122.26660919189453,11.086783409118652,0.7466731379866065,14.333060475927622,8,0.8005679495732341
8,84,123.27965545654297,12.097112655639648,0.7862434507274392,14.209355884183633,8,-5.0
9,0,5.799999237060547,6.921125888824463,0.0,10.000000000000009,6,0.8449992370605469
9,1,6.7999982833862305,6.921125888824463,0.0,10.000000000000009,6,1.0449990463256837
9,2,7.7900848388671875,6.910111904144287,-0.008793225287223372,9.39978305560007,6,1.0323855792311574
9,3,8.712303161621094,6.829841136932373,-0.068555359096929,8.84844889303481,6,0.9620363427725629
9,4,9.581398010253906,6.6767401695251465,-0.14913076261587577,8.750339435539049,6,0.9084713760927382
9,5,10.43021297454834,6.468245506286621,-0.21565199927220213,8.696293063221157,6,0.8879482830789288
9,6,11.269186019897461,6.222423076629639,-0.2641413716617649,8.902721739234693,7,0.8790352931756772
9,7,12.128705978393555,5.971604347229004,-0.2786444143261182,9.157336979689035,7,0.9007279749046944
9,8,13.012659072875977,5.713639259338379,-0.28146243823358574,9.411879813771424,7,0.9263065536443933
9,9,13.921516418457031,5.45015811920166,-0.2819998641415644,9.666456713051032,7,0.9523564007897843
9,10,14.85511302947998,5.180582046508789,-0.2820877484575366,9.921035746586702,7,0.9782412718825894
9,11,15.813091278076172,4.903675556182861,-0.2821005316307694,10.175615824283991,7,1.0037685198054693
9,12,16.795392990112305,4.6192498207092285,-0.2821041268982407,10.430184022063811,7,1.02923754013542
9,13,17.802074432373047,4.327482223510742,-0.28210652374322187,10.68475112191142,7,1.0547628223093435
9,14,18.83318519592285,4.028560161590576,-0.282108121639876,10.939317464830133,7,1.0803376921415402
9,15,19.888750076293945,3.7225594520568848,-0.28210918690431175,11.193881781548813,7,1.1059373483880635
9,16,20.96877670288086,3.409507989883423,-0.28210852111403906,11.448447529725911,7,1.1315446404706806
9,17,22.073259353637695,3.0893943309783936,-0.2821083879559847,11.703013157687558,7,1.15714620996643
9,18,23.202192306518555,2.762197256088257,-0.2821083879559847,11.957577588652258,7,1.1827420520297944
9,19,24.355573654174805,2.4279088973999023,-0.28210825479793034,12.212138780532841,7,1.2083359721686477
9,20,25.533403396606445,2.086529493331909,-0.28210825479793034,12.466709292065776,7,1.2339299342459367
9,21,26.735685348510742,1.7380616664886475,-0.28210825479793034,12.721276060375809,7,1.259527694175988
9,22,27.962417602539062,1.3825069665908813,-0.28210825479793034,12.975840572057985,7,1.2851235366025813
9,23,29.206100463867188,1.0276440382003784,-0.27789713132424243,12.83194621953111,8,1.301426619316015
9,24,30.4434814453125,0.7013298273086548,-0.2577535134711013,12.65336958680694,8,1.2943211445859437
9,25,31.67263412475586,0.4172220230102539,-0.22575510034158075,12.470276631555565,8,1.2852689242853594
9,26,32.89395523071289,0.1833268702030182,-0.1879940060872931,12.302863029890979,8,1.2766839895915407
9,27,34.10748291015625,0.0017202161252498627,-0.14800158231368243,12.14462337243507,8,1.2681784846193171
9,28,35.31178283691406,-0.12737293541431427,-0.10665014743580326,11.985332129260122,8,1.258233921339483
9,29,36.50457763671875,-0.2036917805671692,-0.06412106272389195,11.825043459330923,8,1.2460074953716767
9,30,37.68354797363281,-0.22722965478897095,-0.020614864208030603,11.664762011089968,8,1.2314617659639673
9,31,38.84636688232422,-0.19829018414020538,0.02370213370170493,11.504679939523411,8,1.2145899684192616
9,32,39.990692138671875,-0.11743635684251785,0.06872380403587641,11.345246831731759,8,1.195378867090449
9,33,41.12507247924805,0.0008888263255357742,0.10348404837386305,11.586378017370603,7,1.1865190416543396
9,34,42.28180694580078,0.12827718257904053,0.11163159025479708,11.841017850057908,7,1.210019046877995
9,35,43.46331787109375,0.26325133442878723,0.11326357537079801,12.095595411765284,7,1.2359411046459126
9,36,44.670169830322266,0.40069398283958435,0.11357623048277254,12.350168159651458,7,1.2624277159469472
9,37,45.90235137939453,0.5407088398933411,0.11363042581095595,12.604740030647882,7,1.288902879210181
9,38,47.15980529785156,0.6837947368621826,0.11363841529422558,12.859317141106164,7,1.315320845592009
9,39,48.4425163269043,0.8300337195396423,0.11364067898115238,13.113893685658166,7,1.3417235506381961
9,40,49.75050354003906,0.9793260097503662,0.11364227687780648,13.368470354985542,7,1.3681453297322006
9,41,51.08378219604492,1.131548285484314,0.11364334214224314,13.623046198763443,7,1.3945823639002948
9,42,52.44235610961914,1.2866404056549072,0.1136432089841879,13.877624398936323,7,1.4210232233694322
9,43,53.82622528076172,1.4445912837982178,0.1136432089841879,14.13219962729768,7,1.4474640694654177
9,44,55.235389709472656,1.6054185628890991,0.11364334214224314,14.386775498000137,7,1.4739049184519382
9,45,56.66984558105469,1.7691340446472168,0.1136432089841879,14.641356140484957,7,1.5003419742142134
9,46,58.12959671020508,1.935740351676941,0.1136432089841879,14.895934998694896,7,1.5267828366445177
9,47,59.61463928222656,2.1052358150482178,0.1136432089841879,15.15051149125032,7,1.5532198737321108
9,48,61.124977111816406,2.277618885040283,0.1136432089841879,15.405086753647046,7,1.5796607199812556
9,49,62.660606384277344,2.4528884887695312,0.1136432089841879,15.659661853826123,7,1.606097750803155
9,50,64.22152709960938,2.631044626235962,0.1136432089841879,15.914237305478926,7,1.6325347832066863
9,51,65.80774688720703,2.812087297439575,0.1136432089841879,16.168808222291005,7,1.6589794245979657
9,52,67.41925811767578,2.9960169792175293,0.1136432089841879,16.42336480459907,7,1.6854163720894457
9,53,69.05606079101562,3.182833433151245,0.1136432089841879,16.677921265243445,7,1.7118533190334393
9,54,70.71815490722656,3.3725364208221436,0.1136432089841879,16.932477698851425,7,1.7382902658557688
9,55,72.4055404663086,3.5651259422302246,0.1136432089841879,17.187034078386628,7,1.764727212434771
9,56,74.11821746826172,3.7606022357940674,0.1136432089841879,17.44159049847642,7,1.7911641591962688
9,57,75.85618591308594,3.9589650630950928,0.1136432089841879,17.696147026711763,7,1.8176011064444217
9,58,77.61944580078125,4.160214424133301,0.1136432089841879,17.950703419765155,7,1.8440380530842557
9,59,79.39928436279297,4.3579020500183105,0.10948308504537607,17.805383715248507,6,1.859962788730337
9,60,81.16819763183594,4.527055740356445,0.09042443902033259,17.623633688663627,6,1.848219620641955
9,61,82.92225646972656,4.651975631713867,0.06233887532241145,17.434904272619352,6,1.8325159071174122
9,62,84.67046356201172,4.735989093780518,0.04021919194043111,17.687320507682113,7,1.8278000345697258
9,63,86.44297790527344,4.803921222686768,0.03530552657118058,17.941816403939768,7,1.8532525170794476
9,64,88.24122619628906,4.864444732666016,0.0342639642688507,18.196417309569387,7,1.8801321689086872
9,65,90.06494903564453,4.925200462341309,0.034037595576194235,18.450997836940502,7,1.906752329621701
9,66,91.91407012939453,4.987961292266846,0.033999911846769315,18.705587446384794,7,1.9332962372587317
9,67,93.78862762451172,5.052016735076904,0.03399778131789688,18.96017397843273,7,1.9598782780201347
9,68,95.68862915039062,5.116896629333496,0.03399884658233354,19.214751417473064,7,1.986467907257535
9,69,97.61408233642578,5.182502746582031,0.03399911289844226,19.469334894482884,7,2.013065193060329
9,70,99.55577850341797,5.243124008178711,0.029861492670840484,19.323743169432614,6,2.0286530112546344
9,71,101.48431396484375,5.275729179382324,0.011143198633109641,19.141654567423426,6,2.014672906979187
9,72,103.39456939697266,5.264354228973389,-0.015829163729158324,18.951933516521482,6,1.995539132953253
9,73,105.29582977294922,5.210944652557373,-0.03655348385799151,19.20562055558443,7,1.9876856684766924
9,74,107.22007751464844,5.137536525726318,-0.04114077883565326,19.46010641402661,7,2.0118182205623385
9,75,109.16939544677734,5.054145812988281,-0.04212641475509127,19.714711886715275,7,2.038034135619125
9,76,111.14412689208984,4.968932628631592,-0.04234519343864118,19.969297714914006,7,2.064593285029613
9,77,113.14434051513672,4.883904457092285,-0.042381279271412,20.223885300025973,7,2.0912211068969917
9,78,115.17001342773438,4.798314094543457,-0.04238274401001174,20.478482080848817,7,1.9266815850383052
9,79,117.21149444580078,4.7065887451171875,-0.04651344001877877,20.332110232109237,6,1.927347535708952
9,80,119.23762512207031,4.587557315826416,-0.06502760275895536,20.14959713399196,6,2.294945080999244
9,81,121.24213409423828,4.425299644470215,-0.09121646312852238,19.959276262665142,6,2.14204011903524
9,82,123.22282409667969,4.211285591125488,-0.11849069480035013,19.781152869465323,6,1.9699266350673128
9,83,125.17953491210938,3.9453694820404053,-0.14481324585663913,19.613212269448283,6,1.7953289032103577
9,84,127.11184692382812,3.629957914352417,-0.17098506199522934,19.44411866207753,6,1.627560580201087
9,85,129.01841735839844,3.2662954330444336,-0.19768431718770962,19.272972252051563,6,1.4728984995585073
9,86,130.897705078125,2.854851007461548,-0.2249584157014839,19.10117666576794,6,1.3346695620892237
9,87,132.748291015625,2.3960230350494385,-0.252563545138754,18.92951092106492,6,1.2135182300140648
9,88,134.56884765625,1.890440821647644,-0.2803538974298405,18.757705850888456,6,1.1084208264040347
9,89,136.35806274414062,1.3389546871185303,-0.3083377283741209,18.58616042137726,6,1.0176661449958415
9,90,138.1147003173828,0.7425268888473511,-0.3365588469715268,18.41488348318449,6,0.9394363643734301
9,91,139.8375244140625,0.10213571786880493,-0.3650477464165407,18.243702896797366,6,0.8719893652773392
9,92,141.52532958984375,-0.5812366604804993,-0.3938170767243392,18.07260947165744,6,0.8137566509082355
9,93,143.1768341064453,-1.3065767288208008,-0.42286177788885304,17.90167395664508,6,0.7633308583095404
9,94,144.79087829589844,-2.0728211402893066,-0.45217718937817253,17.730875622723655,6,-5.0
